Company Name,Tariff / Rates,Tariff / Rates,Doing Business As,Certificate Number,City / Town,State
21ST CENTURY MOVING AND STORAGE INC,21st century tariff,https://www.mass.gov/doc/21st-century-tariff/download,SAME,32011,SHREWSBURY,MASSACHUSETTS
3C TRANSPORTATION AND LOGISTICS INC,3c transportation and logistics tariff,https://www.mass.gov/doc/3c-transportation-and-logistics-tariff,SHERIDAN MOVERS,23HG07,NEW BEDFORD,MASSACHUSETTS
3E MOVING & STORAGE INC,3e moving storage inc,https://www.mass.gov/doc/3e-moving-storage-inc/download,SAME,31663,CHELMSFORD,MASSACHUSETTS
5 SONS MOVING LLC,5 sons moving tariff,https://www.mass.gov/doc/5-sons-moving-tariff,SAME,24HG59,DORCHESTER,MASSACHUSETTS
617 BOSTON MOVERS LLC,617 movers tariff,https://www.mass.gov/doc/617-movers-tariff/download,SAME,24HG17,MIDDLETON,MASSACHUSETTS
A & B TWIN MOVERS INC,ab twin movers 32032 tariff,https://www.mass.gov/doc/ab-twin-movers-32032-tariff/download,SAME,32032,BOSTON,MASSACHUSETTS
A PLUS MOVING AND STORAGE,a plus tariff,https://www.mass.gov/doc/a-plus-tariff/download,SAME,31283,BOSTON,MASSACHUSETTS
A TO Z EXPRESS OF NH INC,a to z express of nh inc,https://www.mass.gov/doc/a-to-z-express-of-nh-inc/download,SAME,31385,SALEM,NEW HAMPSHIRE
"A TO Z MOVING AND STORAGE, INC","A TO Z MOVING AND STORAGE, INC",https://www.mass.gov/doc/a-to-z-moving-and-storage-26905-tariff-2026pdf,SAME,26905,WEST SPRINGFIELD,MASSACHUSETTS
A WALECKA & SON INC,a walecka son inc 5 1 2024 tariff,https://www.mass.gov/doc/a-walecka-son-inc-5-1-2024-tariff/download,SAME,3142,WEST WAREHAM,MASSACHUSETTS
"A&O SERVICES, INC,",eldredge bourne mov strge,https://www.mass.gov/doc/eldredge-bourne-mov-strge/download,ELDREDGE & BOURNE MOVING & STORAGE,1230,BARNSTABLE,MASSACHUSETTS
AAGGO MOVERS,aaggo movers,https://www.mass.gov/doc/aaggo-movers/download,SAME,28503,PALMER,MASSACHUSETTS
ABC MOVERS BOSTON INC,abc movers boston inc,https://www.mass.gov/doc/abc-movers-boston-inc/download,SAME,31778,DANVERS,MASSACHUSETTS
ABC MOVING & STORAGE,abc moving storage,https://www.mass.gov/doc/abc-moving-storage/download,ABC RELOCATION SERVICES INC,1235,HUDSON,NEW HAMPSHIRE
ABC MOVING SERVICES INC,abc moving services inc,https://www.mass.gov/doc/abc-moving-services-inc/download,SAME,25613,SOMERVILLE,MASSACHUSETTS
"ABLE MOVING & STORAGE CO., INC.",able moving and storage,https://www.mass.gov/doc/able-moving-and-storage/download,LAW MOVING & STORAGE,30078,MERRIMACK,NEW HAMPSHIRE
ACE & ACME FINE FURNITURE TAXI,ace acme fine furniture taxi,https://www.mass.gov/doc/ace-acme-fine-furniture-taxi/download,ACE & ACME INC,24267,MEDFIELD,MASSACHUSETTS
ALL ABOUT MOVING,all about moving,https://www.mass.gov/doc/all-about-moving/download,SAME,31357,MALDEN,MASSACHUSETTS
"ALL MY SONS MOVING & STORAGE OF RI, LLC",all my sons of rhode island tariff ma 3 sup 2 91125,https://www.mass.gov/doc/all-my-sons-of-rhode-island-tariff-ma-3-sup-2-91125/download,SAME,31627,CARROLLTON,TEXAS
ALL MY SONS OF BOSTON LLC,all my sons of boston tariff ma 3 sup 2 91125pdf,https://www.mass.gov/doc/all-my-sons-of-boston-tariff-ma-3-sup-2-91125pdf/download,SAME,31951,CARROLLTON,TEXAS
ALL MY SONS OF HARTFORD LLC,all my sons hartford llc 0,https://www.mass.gov/doc/all-my-sons-hartford-llc-0/download,ALL MY SONS MOVING & STORAGE,23HG46,CARROLLTON,TEXAS
ALLSET MOVING COMPANY,allset moving company 24hg34 tariff,https://www.mass.gov/doc/allset-moving-company-24hg34-tariff,SAME,24HG34,WATERTOWN,MASSACHUSETTS
ALLSTON PIANO MOVING CO INC,allston piano moving co inc,https://www.mass.gov/doc/allston-piano-moving-co-inc/download,SAME,25209,WINCHESTER,MASSACHUSETTS
"ALL WAYS MOVING, INC.",all ways moving inc tariff 062524,https://www.mass.gov/doc/all-ways-moving-inc-tariff-062524/download,SAME,1780,PITTSFIELD,MASSACHUSETTS
AMANAT LLC,amanat moving storage llc 32060 tariff,https://www.mass.gov/doc/amanat-moving-storage-llc-32060-tariff,SAME,32060,WALTHAM,MASSACHUSETTS
AMERICAN MOVING AND INSTALLATION,american moving and installation,https://www.mass.gov/doc/american-moving-and-installation/download,SAME,31723,HANOVER,MASSACHUSETTS
AOA MOVING SERVICES LLC,aoa moving services llc tariff 062524,https://www.mass.gov/doc/aoa-moving-services-llc-tariff-062524/download,SAME,32059,WATERTOWN,MASSACHUSETTS
AP DOYLE RELOCATION LLC,ap doyle relocation llc,https://www.mass.gov/doc/ap-doyle-relocation-llc/download,SAME,31878,WAKEFIELD,MASSACHUSETTS
ARNOFF MOVING & STORAGE INC,arnoff moving storage inc,https://www.mass.gov/doc/arnoff-moving-storage-inc/download,SAME,2586,POUGHKEEPSIE,NEW YORK
ATLANT MOVING LLC,atlant moving tariff 062524,https://www.mass.gov/doc/atlant-moving-tariff-062524/download,SAME,23HG39,MALDEN,MASSACHUSETTS
B&W MOVING LLC,B&W MOVING LLC,https://www.mass.gov/doc/b-and-w-tariff-2026pdf,SAME,32013,IPSWICH,MASSACHUSETTS
BAS ENTERPRISE LLC,bas enterprise 23hg16 tariff 0,https://www.mass.gov/doc/bas-enterprise-23hg16-tariff-0/download,COLLEGE HUNKS BOSTON SOUTH EAST,23HG16,WEYMOUTH,MASSACHUSETTS
BATES MOVING LLC,bates moving llc tariff,https://www.mass.gov/doc/bates-moving-llc-tariff,SAME,24HG28,DUXBURY,MASSACHUSETTS
BELL AIR MOVING INC,bell air tariff 062524,https://www.mass.gov/doc/bell-air-tariff-062524/download,SAME,31770,DEDHAM,MASSACHUSETTS
"BELLHOPS MOVING, LLC",bellhops moving llc 31967 tariff,https://www.mass.gov/doc/bellhops-moving-llc-31967-tariff,SAME,31967,CHATTANOOGA,TENNESSEE
BERT HILL MOVERS,bert hill tariff 2023 cert 1004,https://www.mass.gov/doc/bert-hill-tariff-2023-cert-1004,"BERT HILL'S EXPRESS, INC.",1004,WESTFIELD,MASSACHUSETTS
BETTER CALL MOVING INC,better call moving tariff,https://www.mass.gov/doc/better-call-moving-tariff/download,SAME,25HG39,BOSTON,MASSACHUSETTS
BIG BEAR MOVERS LLC,big bear movers llc 25hg11 tariff,https://www.mass.gov/doc/big-bear-movers-llc-25hg11-tariff/download,SAME,25HG11,ACTON,MASSACHUSETTS
"BIG FOOT MOVING & STORAGE, INC",big foot mdpu tariff 09 10 25 version,https://www.mass.gov/doc/big-foot-mdpu-tariff-09-10-25-version/download,SAME,31023,ACTON,MASSACHUSETTS
BINDING MOVING AND STORAGE LLC,binding moving and storage llc,https://www.mass.gov/doc/binding-moving-and-storage-llc/download,SAME,25HG18,WALTHAM,MASSACHUSETTS
BLACK LAB ENTERPRISES LLC,black lab dba casey movers 31869 tariff 2025,https://www.mass.gov/doc/black-lab-dba-casey-movers-31869-tariff-2025,CASEY MOVERS,31869,ROCKLAND,MASSACHUSETTS
BOOMERANG STORAGE LLC,boomerang tariff 10 15 25,https://www.mass.gov/doc/boomerang-tariff-10-15-25/download,SAME,31673,LUDLOW,MASSACHUSETTS
"BORMANN BROTHERS, INC.",bormann brothers inc,https://www.mass.gov/doc/bormann-brothers-inc/download,SAME,2311,HUDSON,NEW HAMPSHIRE
BORN TO MOVE LLC,born to move llc,https://www.mass.gov/doc/born-to-move-llc/download,SAME,32017,WATERTOWN,MASSACHUSETTS
BOSTON BEST RATE MOVERS,boston best rate movers 31391 tariff,https://www.mass.gov/doc/boston-best-rate-movers-31391-tariff/download,"FLAT RATE MOVING & STORAGE, INC.",31391,WALTHAM,MASSACHUSETTS
BOSTON HARBOR MOVING,boston harbor moving,https://www.mass.gov/doc/boston-harbor-moving/download,BOSTON HARBOR MOVING LLC,31986,LOWELL,MASSACHUSETTS
BOSTON HOUSEHOLD PACKING INC,boston household packing inc,https://www.mass.gov/doc/boston-household-packing-inc/download,SAME,30943,TYNGSBORO,MASSACHUSETTS
BOSTON LOW PRICE MOVERS INC,boston low price movers tariff submitted 12 16 24,https://www.mass.gov/doc/boston-low-price-movers-tariff-submitted-12-16-24,SAME,24HG57,CHELSEA,MASSACHUSETTS
"BRAVE SOLUTIONS, INC.",brave movers,https://www.mass.gov/doc/brave-movers/download,BRAVE MOVERS,32039,ASHLAND,MASSACHUSETTS
BRICKHOUSE MOVING COMPANY INC,brickhouse moving company inc 0,https://www.mass.gov/doc/brickhouse-moving-company-inc-0,SAME,31583,PEABODY,MASSACHUSETTS
BRIDGES BROS MOVERS,bridges bros movers,https://www.mass.gov/doc/bridges-bros-movers/download,CROWDED STREET HOLDINGS LLC,30321,EXETER,NEW HAMPSHIRE
BRISTOL PLYMOUTH MOVING & STORAGE,bristol plymouth moving stor,https://www.mass.gov/doc/bristol-plymouth-moving-stor/download,SAME,2186,FALL RIVER,MASSACHUSETTS
BROOKLINE MOVING COMPANY,brookline moving company,https://www.mass.gov/doc/brookline-moving-company/download,PATRICK E LUNDGREN DBA,1178,BELMONT,MASSACHUSETTS
"BROOKLINE TRANSPORTATION CO., INC.",brookline trans co inc,https://www.mass.gov/doc/brookline-trans-co-inc/download,SAME,1880,HANOVER,MASSACHUSETTS
BROTHER MOVERS COMPANY LLC,brother movers company llc,https://www.mass.gov/doc/brother-movers-company-llc/download,SAME,31797,LAWRENCE,MASSACHUSETTS
BUNKER HILL MOVING COMPANY INC,bunker hill moving company inc,https://www.mass.gov/doc/bunker-hill-moving-company-inc/download,SAME,31589,QUINCY,MASSACHUSETTS
"BURKHARDT BROTHERS, INC.",burkhardt brothers inc,https://www.mass.gov/doc/burkhardt-brothers-inc/download,SAME,3574,HINGHAM,MASSACHUSETTS
"C & C MOVES, LLC",c c moves llc,https://www.mass.gov/doc/c-c-moves-llc/download,SAME,31775,BEVERLY,MASSACHUSETTS
"CAPE COD MOVING, INC.",cape cod moving 29838 tariff,https://www.mass.gov/doc/cape-cod-moving-29838-tariff/download,SAME,29838,FALMOUTH,MASSACHUSETTS
CAPITAL GROUP WESTERN MASS LLC,capital group of western mass 23hg40 tariff,https://www.mass.gov/doc/capital-group-of-western-mass-23hg40-tariff/download,TWO MEN AND A TRUCK,23HG40,WILMINGTON,NORTN CAROLINA
"CARMEL MOVERS, INC.",carmel movers inc,https://www.mass.gov/doc/carmel-movers-inc/download,SAME,31125,BOSTON,MASSACHUSETTS
CARROLL'S MARTHA'S VINEYARD RT,carrolls marthas vineyard ra,https://www.mass.gov/doc/carrolls-marthas-vineyard-ra/download,SAME,3339,TISBURY,MASSACHUSETTS
CASTINE MOVING & STORAGE,castine moving and storage 4690 tariff 2024,https://www.mass.gov/doc/castine-moving-and-storage-4690-tariff-2024,FRANK L CASTINE INC,4690,ATHOL,MASSACHUSETTS
CASTLE EXPRESS MOVING LLC,castine moving 4690 tariff,https://www.mass.gov/doc/castine-moving-4690-tariff/download,SAME,23HG41,ENFIELD,CONNECTICUT
CENTAUR MOVING INC,centaur moving 32001 tariff,https://www.mass.gov/doc/centaur-moving-32001-tariff/download,SAME,32001,CAMBRIDGE,MASSACHUSETTS
CHARLES RIVER MOVERS,charles river movers,https://www.mass.gov/doc/charles-river-movers/download,SAME,25149,WALTHAM,MASSACHUSETTS
CHRIS CORRIGAN MOVING INC,chris corrigan moving inc,https://www.mass.gov/doc/chris-corrigan-moving-inc/download,SAME,30933,CENTRAL FALLS,RHODE ISLAND
CISCO'S MOVING SERVICES INC,ciscos moving services inc 24hg48 tariff 2024,https://www.mass.gov/doc/ciscos-moving-services-inc-24hg48-tariff-2024,SAME,24HG48,LINCOLN,RHODE ISLAND
CITY HAUL TRUCKING,city haul trucking,https://www.mass.gov/doc/city-haul-trucking/download,SAME,28718,LOWELL,MASSACHUSETTS
CLARK MOVING CO,clark moving co,https://www.mass.gov/doc/clark-moving-co/download,SAME,31822,WALPOLE,MASSACHUSETTS
CLARK RELOCATIONS LLC,clarks relocation 32027 tariff,https://www.mass.gov/doc/clarks-relocation-32027-tariff/download,PIONEER MOVING,32027,SOUTH HADLEY,MASSACHUSETTS
CLEAN SLATE MOVERS LLC,clean slate movers llc,https://www.mass.gov/doc/clean-slate-movers-llc,SAME,25HG03,BEVERLY,MASSACHUSETTS
CLUTTER INC,clutter inc tariff,https://www.mass.gov/doc/clutter-inc-tariff,SAME,22HG03,FRANKLIN,MASSACHUSETTS
COLLEGE BOUND MOVERS INC,college bound movers inc,https://www.mass.gov/doc/college-bound-movers-inc/download,SAME,31410,MERRIMACK,NEW HAMPSHIRE
COLLEGE HUNKS HAULING JUNK & M,thunderstealers llc dba chhj moving 31708 tariff,https://www.mass.gov/doc/thunderstealers-llc-dba-chhj-moving-31708-tariff/download,THUNDERSTEALERS LLC,31708,FOXBORO,MASSACHUSETTS
COLLEGE HUNKS HAULING JUNK & MOVING,arima enterprises inc,https://www.mass.gov/doc/arima-enterprises-inc/download,"ARIMA ENTERPRISES, INC.",31970,WINDHAM,NEW HAMPSHIRE
COMPASS MOVING AND STORAGE INC,compass moving and storage inc,https://www.mass.gov/doc/compass-moving-and-storage-inc/download,SAME,31162,DENNIS,MASSACHUSETTS
CONLON MOVING & STORAGE LLC,conlon moving and storage llc 5026 tariff 2024,https://www.mass.gov/doc/conlon-moving-and-storage-llc-5026-tariff-2024,SAME,5026,SEEKONK,MASSACHUSETTS
CONNORS BROS MOVING & STORAGE INC,connors bros mvg stor inc,https://www.mass.gov/doc/connors-bros-mvg-stor-inc/download,SAME,29287,WILLIAMSTOWN,MASSACHUSETTS
CONTINENTAL MOVING COMPANY LLC,continental moving company 24hg30 tariff,https://www.mass.gov/doc/continental-moving-company-24hg30-tariff/download,SAME,24HG30,QUINCY,MASSACHUSETTS
COUTU BROS. MOVING & STORAGE,coutu bros moving and storage 30878 tariff 2024,https://www.mass.gov/doc/coutu-bros-moving-and-storage-30878-tariff-2024,JMR HOLDINGS INC,30878,WARWICK,RHODE ISLAND
CRUGER'S TRUCKING,crugers trucking,https://www.mass.gov/doc/crugers-trucking/download,SAME,30173,MARBLEHEAD,MASSACHUSETTS
CUNHA TRUCKING & MOVING CO INC,coutu bros moving storage,https://www.mass.gov/doc/coutu-bros-moving-storage/download,SAME,31406,RUMFORD,RHODE ISLAND
DAHLKE'S MOVING AND STORAGE INC.,dahlkes moving tariff,https://www.mass.gov/doc/dahlkes-moving-tariff,SAME,1850,SPRINGFIELD,MASSACHUSETTS
"DALEY & WANZER, INC.",daley wanzer inc,https://www.mass.gov/doc/daley-wanzer-inc/download,SAME,1689,HULL,MASSACHUSETTS
DALTON PACKING,dalton packing,https://www.mass.gov/doc/dalton-packing/download,SAME,30242,MEDWAY,MASSACHUSETTS
DEMELLO MOVING SERVICES LLC,demello moving services llc,https://www.mass.gov/doc/demello-moving-services-llc/download,SAME,31939,AMESBURY,MASSACHUSETTS
DEPENDABLE MOVING & STORAGE LLC,dependable moving storage llc 32065 tariff,https://www.mass.gov/doc/dependable-moving-storage-llc-32065-tariff/download,SAME,32065,ROCKLAND,MASSACHUSETTS
DIAMOND RELOCATION INC,diamond relocation inc,https://www.mass.gov/doc/diamond-relocation-inc/download,SAME,31641,EAST HAMPSTEAD,NEW HAMPSHIRE
DIAZ MOVING SERVICES LLC,diaz moving tariff 062524,https://www.mass.gov/doc/diaz-moving-tariff-062524/download,SAME,23HG09,LYNN,MASSACHUSETTS
DIXIE WAREHOUSING INC,dixie warehousing inc,https://www.mass.gov/doc/dixie-warehousing-inc/download,SAME,31160,LAKEVILLE,MASSACHUSETTS
DIY MOBILE BOX,diy mobile box,https://www.mass.gov/doc/diy-mobile-box/download,THE BIG BIG BOX LLC,31582,WESTFIELD,MASSACHUSETTS
DN VANLINES INC,dn van lines intra tariff 062524,https://www.mass.gov/doc/dn-van-lines-intra-tariff-062524/download,SAME,30981,NORTHBOROUGH,MASSACHUSETTS
DOLLY INC,dolly inc,https://www.mass.gov/doc/dolly-inc/download,SAME,31923,SEATTLE,WASHINGTON
DOUBLE MW CORP,doublemw chhj springfield tariff 062524,https://www.mass.gov/doc/doublemw-chhj-springfield-tariff-062524/download,COLLEGE HUNKS HAULING JUNK & MOVING,23HG10,LUDLOW,MASSACHUSETTS
DRAKE CLEANOUTS AND MOVING LLC,drake cleanouts and moving llc tariff update october 2025,https://www.mass.gov/doc/drake-cleanouts-and-moving-llc-tariff-update-october-2025/download,SAME,23HG24,SANDWICH,MASSACHUSETTS
DUMBO MOVING & STORAGE INC,dumbo moving storage inc 31711 tariff,https://www.mass.gov/doc/dumbo-moving-storage-inc-31711-tariff/download,SAME,31711,BROOKLYN,NEW YORK
DZIDA MOVING CORP,Pending,Pending,SAME,25HG49,WALTHAM,MASSACHUSETTS
"E.A. SPRY & CO., INC.",ea spry commodity tariff 062524,https://www.mass.gov/doc/ea-spry-commodity-tariff-062524/download,SAME,1724,WOBURN,MASSACHUSETTS
EAGLE VAN LINES,eagle van lines,https://www.mass.gov/doc/eagle-van-lines/download,"CAREFUL MOVERS, LLC",31063,WATERTOWN,MASSACHUSETTS
EAST COAST BOSTON MOVERS INC,east coast boston movers 32012 tariff,https://www.mass.gov/doc/east-coast-boston-movers-32012-tariff/download,SAME,32012,LYNN,MASSACHUSETTS
EFFICIENT MOVING SERVICES,efficient moving services,https://www.mass.gov/doc/efficient-moving-services/download,SAME,31544,WALTHAM,MASSACHUSETTS
ELATE MOVING LLC,elate moving llc,https://www.mass.gov/doc/elate-moving-llc/download,SAME,31909,NEW YORK,NEW YORK
ESQUIRE MOVING INC,esquire moving 31796 tariff,https://www.mass.gov/doc/esquire-moving-31796-tariff/download,SAME,31796,WALTHAM,MASSACHUSETTS
EXELA MOVERS,exela movers,https://www.mass.gov/doc/exela-movers/download,SAME,31772,BOSTON,MASSACHUSETTS
EXPERT MOVING & STORAGE LLC,expert moving storage llc,https://www.mass.gov/doc/expert-moving-storage-llc/download,SAME,30620,NORWELL,MASSACHUSETTS
FABIO MOVING SERVICES,fabio moving services,https://www.mass.gov/doc/fabio-moving-services/download,SAME,31203,EVERETT,MASSACHUSETTS
FALLON MOVING & STORAGE INC,fallon moving storage inc,https://www.mass.gov/doc/fallon-moving-storage-inc/download,SAME,31377,WINDSOR,MASSACHUSETTS
FENWAY MOVERS,Fenway Movers   Tariff.pdf,https://www.mass.gov/files/documents/2023/01/19/Fenway%20Movers%20-%20Tariff.pdf,SAME,32052,BOSTON,MASSACHUSETTS
FERRICK BROS. MOVING,ferrick bros moving,https://www.mass.gov/doc/ferrick-bros-moving/download,SAME,30442,GROVELAND,MASSACHUSETTS
FIRST RATE MOVING LLC,first rate moving 32036 tariff,https://www.mass.gov/doc/first-rate-moving-32036-tariff/download,SAME,32036,SALEM,NEW HAMPSHIRE
"FITTON VAN & STORAGE, INC.",fitton van storage inc,https://www.mass.gov/doc/fitton-van-storage-inc/download,SAME,5091,FITCHBURG,MASSACHUSETTS
FIVE COLLEGE MOVERS LLC,five college movers llc 0,https://www.mass.gov/doc/five-college-movers-llc-0,SAME,31542,NORTHAMPTON,MASSACHUSETTS
FIVE STARS MOVERS,five stars movers 31179 tariff 2024,https://www.mass.gov/doc/five-stars-movers-31179-tariff-2024,TOP HILLS INC,31179,NEWTON,MASSACHUSETTS
FLANNERY'S HANDYMEN,flannerys handymen 31736 tariff,https://www.mass.gov/doc/flannerys-handymen-31736-tariff/download,SAME,31736,SWAMPSCOTT,MASSACHUSETTS
FLASH MOVING COMPANY LLC,flash moving company llc,https://www.mass.gov/doc/flash-moving-company-llc/download,SAME,31853,BOSTON,MASSACHUSETTS
FLEX STORAGE INC,flex storage inc,https://www.mass.gov/doc/flex-storage-inc/download,SAME,25HG32,MIAMI,FLORIDA
FOCUS MOVING SERVICES LLC,focus moving services 31812 tariff,https://www.mass.gov/doc/focus-moving-services-31812-tariff/download,SAME,31812,SOMERVILLE,MASSACHUSETTS
FRESH START THE MOVING CREW INC.,fresh start the moving crew inc tariff,https://www.mass.gov/doc/fresh-start-the-moving-crew-inc-tariff,SAME,31690,WORCESTER,MASSACHUSETTS
GALLO MOVING & STORAGE LLC,gallo moving storage llc,https://www.mass.gov/doc/gallo-moving-storage-llc/download,SAME,30644,MILFORD,MASSACHUSETTS
"GENTLE GIANT MOVING CO., INC.",gentle giant moving co inc,https://www.mass.gov/doc/gentle-giant-moving-co-inc/download,SAME,25908,SOMERVILLE,MASSACHUSETTS
GENTLE MOVERS,gentle giant moving co inc,https://www.mass.gov/doc/gentle-giant-moving-co-inc/download,"YOURELO SYSTEMS, INC.",31686,BOSTON,MASSACHUSETTS
"GENTRY, INC.",gentry inc,https://www.mass.gov/doc/gentry-inc/download,SAME,31408,CRANSTON,RHODE ISLAND
GOLD VINE MOVING AND STORAGE INC,gold vine moving and storage 22hg06 tariff,https://www.mass.gov/doc/gold-vine-moving-and-storage-inc-tariff-may-20-2025,SAME,22HG06,WESTFIELD,MASSACHUSETTS
GOOD GUYS MOVING & JUNK LLC,good guys moving and junk 24hg23 tariff,https://www.mass.gov/doc/good-guys-moving-and-junk-24hg23-tariff/download,SAME,24HG23,FOXBORO,MASSACHUSETTS
GR NOWELL & SON INC,gr nowell son inc 3228 tariff,https://www.mass.gov/doc/gr-nowell-son-inc-3228-tariff/download,SAME,3228,WINCHESTER,MASSACHUSETTS
HARRINGTON MOVING & STORAGE LLC,harrington moving storage llc,https://www.mass.gov/doc/harrington-moving-storage-llc/download,SAME,30059,ANDOVER,MASSACHUSETTS
HARTMAN RELOCATION SERVICES,hartman relocation services,https://www.mass.gov/doc/hartman-relocation-services/download,SAME,6771,LEOMINSTER,MASSACHUSETTS
HAUL OF FAME MOVERS LLC,haul of fame movers llc,https://www.mass.gov/doc/haul-of-fame-movers-llc/download,SAME,31976,WESTFIELD,MASSACHUSETTS
HILTZ MOVING & STORAGE INC,hiltz moving storage inc,https://www.mass.gov/doc/hiltz-moving-storage-inc/download,SAME,2569,GLOUCESTER,MASSACHUSETTS
HINGHAM MOVING SERVICES,hingham moving services,https://www.mass.gov/doc/hingham-moving-services/download,SAME,31832,HANOVER,MASSACHUSETTS
HOME RUN TRANSPORTATION,home run transportation 31866 tariff,https://www.mass.gov/doc/home-run-transportation-31866-tariff/download,SAME,31866,EAST WALLINGFORD,VERMONT
HOME TEAM MOVING COMPANY,home team moving company,https://www.mass.gov/doc/home-team-moving-company/download,SAME,31605,LEXINGTON,MASSACHUSETTS
HORIZON BOSTON MOVERS INC,horizon boston movers inc,https://www.mass.gov/doc/horizon-boston-movers-inc/download,SAME,31949,CAMBRIDGE,MASSACHUSETTS
"HUB DELIVERY, INC.",hub delivery inc 27237 tariff,https://www.mass.gov/doc/hub-delivery-inc-27237-tariff/download,SAME,27237,WILMINGTON,MASSACHUSETTS
HUMBOLDT STORAGE AND MVG. CO.,humboldt storage and mvg co,https://www.mass.gov/doc/humboldt-storage-and-mvg-co/download,"H. GOLDMAN, INC.",5343,CANTON,MASSACHUSETTS
"HUSKY MOVING, LLC",husky moving llc,https://www.mass.gov/doc/husky-moving-llc/download,SAME,31953,ARLINGTON,MASSACHUSETTS
HUSTLE MOVING COMPANY,hustle moving company,https://www.mass.gov/doc/hustle-moving-company/download,SAME,31993,RANDOLPH,MASSACHUSETTS
IDEAL MOVERS & STORAGE INC,ideal movers rates 2025,https://www.mass.gov/doc/ideal-movers-rates-2025/download,SAME,30103,HADLEY,MASSACHUSETTS
IN THE BOX,in the box,https://www.mass.gov/doc/in-the-box/download,SAME,31966,BOSTON,MASSACHUSETTS
INTELLIGENT LABOR AND MOVING,intelligent labor and moving,https://www.mass.gov/doc/intelligent-labor-and-moving/download,INTELLIGENT LABOR INC,31373,ARLINGTON,MASSACHUSETTS
ISAAC'S MOVING & STORAGE,isaacs moving storage,https://www.mass.gov/doc/isaacs-moving-storage/download,SAFE MOVERS INC,29953,STOUGHTON,MASSACHUSETTS
"J & S OFFICE INSTALLERS AND MOVERS, INC.",j s office installers and mo,https://www.mass.gov/doc/j-s-office-installers-and-mo/download,SAME,31771,SEEKONK,MASSACHUSETTS
J BRESNAHAN CO,j bresnahan co 6343 tariff,https://www.mass.gov/doc/j-bresnahan-co-6343-tariff/download,SAME,6343,HAVERHILL,MASSACHUSETTS
JIM GRANITSAS MOVING & STORAGE,jim granitsas moving storage,https://www.mass.gov/doc/jim-granitsas-moving-storage/download,SAME,31184,ESSEX,MASSACHUSETTS
JIMMY BURGOFF MOVING & HAULING,jimmy burgoff moving hauling,https://www.mass.gov/doc/jimmy-burgoff-moving-hauling/download,SAME,31384,BELCHERTOWN,MASSACHUSETTS
JONES MOVING & STORAGE CO LLC,jones moving storage co llc,https://www.mass.gov/doc/jones-moving-storage-co-llc/download,SAME,31106,PROVIDENCE,RHODE ISLAND
JUMP STREETS MOVERS INC,jumps streets movers inc,https://www.mass.gov/doc/jumps-streets-movers-inc/download,SAME,32004,REVERE,MASSACHUSETTS
KENNEDY'S PROPERTY SERVICES,kennedy property tariff,https://www.mass.gov/doc/kennedy-property-tariff,KENNEDY'S COMPANY,25HG19,MARBLEHEAD,MASSACHUSETTS
KID WITH A TRUCK LLC,kid with a truck tariff 2025,https://www.mass.gov/doc/kid-with-a-truck-tariff-2025,SAME,22HG04,COHASSET,MASSACHUSETTS
KILROY BROTHERS MOVING & STORAGE,kilroy bros inc,https://www.mass.gov/doc/kilroy-bros-inc/download,SAME,2497,BROCKTON,MASSACHUSETTS
KING AFFORDABLE MOVERS INC,king affordable movers inc,https://www.mass.gov/doc/king-affordable-movers-inc/download,SAME,32030,LYNN,MASSACHUSETTS
KIZAK SERVICES INC,kizak services inc,https://www.mass.gov/doc/kizak-services-inc,SAME,25HG29,BEVERLY,MASSACHUSETTS
LAIONA MOVING LLC,laiona moving llc,https://www.mass.gov/doc/laiona-moving-llc,SAME,25HG33,WINTHROP,MASSACHUSETTS
LARKIN MOVERS,larkin tariff,https://www.mass.gov/doc/larkin-tariff,JAMES E LARKIN INC,2881,BROOKLINE,MASSACHUSETTS
LAWTON & SONS INC,lawton sons inc,https://www.mass.gov/doc/lawton-sons-inc/download,SAME,31097,CRANSTON,RHODE ISLAND
LIBERTY MOVERS INC,liberty movers inc 0,https://www.mass.gov/doc/liberty-movers-inc-0/download,SAME,2111,LEICESTER,MASSACHUSETTS
LIBERTY MOVING & STORAGE INC,liberty moving storage inc,https://www.mass.gov/doc/liberty-moving-storage-inc/download,SAME,31005,WAREHAM,MASSACHUSETTS
LIFE TIME MOVING CO,lifetime moving co 31762 tariff,https://www.mass.gov/doc/lifetime-moving-co-31762-tariff/download,SAME,31762,FRAMINGHAM,MASSACHUSETTS
LIMITLESS MOVING & STORAGE LLC,limitless moving and storage 24hg29 tariff,https://www.mass.gov/doc/limitless-moving-and-storage-24hg29-tariff/download,BOSTON SMALL MOVES,24HG29,WALPOLE,MASSACHUSETTS
LONG MOVING AND STORAGE LLC,long moving and storage llc,https://www.mass.gov/doc/long-moving-and-storage-llc/download,SAME,31836,WESTPORT,MASSACHUSETTS
LOUIS A GENTILE PIANO SERVICE,louis a gentile piano service,https://www.mass.gov/doc/louis-a-gentile-piano-service/download,SAME,28145,QUINCY,MASSACHUSETTS
LOWE & SONS CORP,lowe sons corp 30969 tariff,https://www.mass.gov/doc/lowe-sons-corp-30969-tariff/download,SAME,30969,BOSTON,MASSACHUSETTS
LUMY MOVING INC,lumy moving inc,https://www.mass.gov/doc/lumy-moving-inc/download,SAME,31927,BOSTON,MASSACHUSETTS
M & M MOVING AND STORAGE COMPANY,m m moving co,https://www.mass.gov/doc/m-m-moving-co/download,SAME,31310,WESTBOROUGH,MASSACHUSETTS
M & S EXPRESS INC,m s express 3282 tariff,https://www.mass.gov/doc/m-s-express-3282-tariff/download,SAME,3282,MEDFORD,MASSACHUSETTS
M AND M MOVERS,m and m movers 29599 updated tariff 2025,https://www.mass.gov/doc/m-and-m-movers-29599-updated-tariff-2025,SAME,29599,FALL RIVER,MASSACHUSETTS
MABEY'S MOVING & STORAGE INC,mabeys moving storage coin,https://www.mass.gov/doc/mabeys-moving-storage-coin/download,SAME,30164,RENSSELAER,NEW YORK
MAGNUM MOVING & STORAGE,magnum moving and storage inc 24730 tariff,https://www.mass.gov/doc/magnum-moving-and-storage-inc-24730-tariff,SAME,24730,EASTHAM,MASSACHUSETTS
MANYHANDS MOVING COMPANY LLC,manyhands tariffdeclaration,https://www.mass.gov/doc/manyhands-tariffdeclaration,SAME,24HG12,SALEM,MASSACHUSETTS
MARATHON MOVING COMPANY INC,marathon moving company inc,https://www.mass.gov/doc/marathon-moving-company-inc/download,SAME,30747,CANTON,MASSACHUSETTS
MARBLEHEAD MOVERS LLC,marblehead movers llc,https://www.mass.gov/doc/marblehead-movers-llc/download,SAME,31834,MARBLEHEAD,MASSACHUSETTS
MARK'S MOVING & STORAGE INC,marks moving and storage 24806 2025 tarriff,https://www.mass.gov/doc/marks-moving-and-storage-24806-2025-tarriff,SAME,24806,WESTBOROUGH,MASSACHUSETTS
MASS BAY MOVERS,mass bay movers,https://www.mass.gov/doc/mass-bay-movers/download,SAME,31790,PEABODY,MASSACHUSETTS
MASS TRUCKING SERVICES INC,mass trucking service tariff,https://www.mass.gov/doc/mass-trucking-service-tariff,SAME,25HG20,ROXBURY,MASSACHUSETTS
MASTER CLASS MOVING & STORAGE LLC,master class tariff,https://www.mass.gov/doc/master-class-tariff,SAME,25HG05,STOUGHTON,MASSACHUSETTS
MASTODON MOVING LLC,mastodon moving llc,https://www.mass.gov/doc/mastodon-moving-tariff-31594/download,SAME,31594,WESTBOROUGH,MASSACHUSETTS
MATERIAL INSTALLATIONS INC,material installations inc,https://www.mass.gov/doc/material-installations-inc/download,SAME,31118,NORTH ANDOVER,MASSACHUSETTS
"MCCARTHY'S MOVING & STORAGE, INC",mccarthys moving and storage inc 31798 tariff 2025,https://www.mass.gov/doc/mccarthys-moving-and-storage-inc-31798-tariff-2025,SAME,31798,WEYMOUTH,MASSACHUSETTS
MCCOLLISTER'S MOVING & STORAGE OF MA,mccollisters mvg strg of ma,https://www.mass.gov/doc/mccollisters-mvg-strg-of-ma/download,SAME,3912,BURLINGTON,NEW JERSEY
MCGRIFF TRUCKING LLC,mcgriff trucking llc,https://www.mass.gov/doc/mcgriff-trucking-llc/download,SAME,32000,WARE,MASSACHUSETTS
"MCLAUGHLIN MOVING CO., INC.",mclaughlin moving co inc,https://www.mass.gov/doc/mclaughlin-moving-co-inc/download,SAME,3852,PORTSMOUTH,NEW HAMPSHIRE
"MCLAUGHLIN TRANSP. SYS., INC.",mclaughlin transp sys inc,https://www.mass.gov/doc/mclaughlin-transp-sys-inc/download,SAME,4097,NASHUA,NEW HAMPSHIRE
MEADE TRANSPORT COMPANY,meade transport company,https://www.mass.gov/doc/meade-transport-company/download,SAME,30835,WEYMOUTH,MASSACHUSETTS
MEGAMEN MOVING & STORAGE LLC,megamen moving storage llc 31870 tariff,https://www.mass.gov/doc/megamen-moving-storage-llc-31870-tariff/download,SAME,31870,WOBURN,MASSACHUSETTS
"MICHAEL'S MOVERS, INC.",michaels movers inc,https://www.mass.gov/doc/michaels-movers-inc/download,MICHAEL'S MOVING & STORAGE,30293,BOSTON,MASSACHUSETTS
MIGHTY MOVERS LLC,Pending,Pending,SAME,31969,MARLBORO,MASSACHUSETTS
MINDFUL MOVERZ,mindful moverz,https://www.mass.gov/doc/mindful-moverz,SAME,25HG15,MIDDLEBORO,MASSACHUSETTS
MINI MOVES & MORE INC,mini moves more inc,https://www.mass.gov/doc/mini-moves-more-inc/download,SAME,31145,ARLINGTON,MASSACHUSETTS
MISS CHERYL'S MOVING LLC,miss cheryls moving llc 31931 tariff 2025,https://www.mass.gov/doc/miss-cheryls-moving-llc-31931-tariff-2025,SAME,31931,WATERTOWN,MASSACHUSETTS
MOCANO MOVING INC,monaco moving tariff,https://www.mass.gov/doc/monaco-moving-tariff/download,SAME,32019,LYNN,MASSACHUSETTS
MOKA MOVING COMPANY LLC,moka moving company tariffs,https://www.mass.gov/doc/moka-moving-company-tariffs/download,SAME,24HG08,NEEDHAM,MASSACHUSETTS
MOVE AND CARE LLC,move and care llc,https://www.mass.gov/doc/move-and-care-llc/download,SAME,31854,WOBURN,MASSACHUSETTS
MOVE AND IMPROVE,move and improve,https://www.mass.gov/doc/move-and-improve/download,SAME,31901,NEWTON,MASSACHUSETTS
MOVE IT OR LOSE IT LLC,move it or lose it llc,https://www.mass.gov/doc/move-it-or-lose-it-llc/download,SAME,31972,CHELMSFORD,MASSACHUSETTS
MOVE ON LLC,move on llc tariff 062524,https://www.mass.gov/doc/move-on-llc-tariff-062524/download,SAME,23HG36,LEOMINSTER,MASSACHUSETTS
MOVERS COLLECTIVE LLC,movers,https://www.mass.gov/doc/movers/download,SAME,23HG06,RANDOLPH,MASSACHUSETTS
MOVERS ON THE GO,movers on the go,https://www.mass.gov/doc/movers-on-the-go/download,SAME,30697,REVERE,MASSACHUSETTS
"MOVING SPECIALIST, INC.",moving specialist inc 0,https://www.mass.gov/doc/moving-specialist-inc-0/download,FOUR GUYS AND A TRUCK,31964,AMHERST,MASSACHUSETTS
MOZART MOVING INC,mass trucking service tariff,https://www.mass.gov/doc/mass-trucking-service-tariff/download,SAME,31769,BOSTON,MASSACHUSETTS
"MR. MURRAYS MOVING, INC.",michael murray trucking,https://www.mass.gov/doc/michael-murray-trucking/download,SAME,27631,OXFORD,MASSACHUSETTS
NEW ENGLAND HOUSEHOLD MOVING & STORAGE INC,new england household mov sto inc 5836 tariff,https://www.mass.gov/doc/new-england-household-mov-sto-inc-5836-tariff,SAME,5836,HOLLISTON,MASSACHUSETTS
NEW ENGLAND OFFICE CONNECTION,new england office connection,https://www.mass.gov/doc/new-england-office-connection/download,SAME,26902,WEYMOUTH,MASSACHUSETTS
NEW GENERATION MOVING AND STORAGE,Pending,Pending,SAME,31791,BRIDGEWATER,MASSACHUSETTS
NEXT ADVENTURE MOVING LLC,next adventure moving llc,https://www.mass.gov/doc/next-adventure-moving-llc/download,SAME,31928,SAUGUS,MASSACHUSETTS
"NICK'S MOVING COMPANY, INC.",nicks moving company inc,https://www.mass.gov/doc/nicks-moving-company-inc/download,SAME,29539,EASTHAM,MASSACHUSETTS
NORTHAXIS TRANSPORT LLC,NORTHAXIS TRANSPORT LLC,https://www.mass.gov/doc/northaxis-transportation-tariff/download,SAME,25HG31,RANDOLPH,MASSACHUSETTS
NORTHEAST PRIME LOGISTICS LLC,northeast prime tariff 062524,https://www.mass.gov/doc/northeast-prime-tariff-062524/download,COLLEGE HUNKS HAULING JUNK AND MOVING,23HG35,WORCESTER,MASSACHUSETTS
OCTOPUS MOVING INC,octopus moving tariffs 2023 08242023,https://www.mass.gov/doc/octopus-moving-tariffs-2023-08242023/download,SAME,22HG05,MALDEN,MASSACHUSETTS
OLYMPIA MOVING & STORAGE,olympia moving rates 09262025,https://www.mass.gov/doc/olympia-moving-rates-09262025,"SPIKE, INC.",30313,WATERTOWN,MASSACHUSETTS
ON IT MOVERS LLC,on it movers tariff 062524,https://www.mass.gov/doc/on-it-movers-tariff-062524/download,SAME,23HG12,BOSTON,MASSACHUSETTS
OSCAR'S MOVING COMPANY LLC,oscars moving company 31320 tariff,https://www.mass.gov/doc/oscars-moving-company-31320-tariff/download,SAME,31320,NEWTON,MASSACHUSETTS
OTTO'S MOVING AND STORAGE LLC,ottos moving and storage llc 31738 tariff 2024,https://www.mass.gov/doc/ottos-moving-and-storage-llc-31738-tariff-2024/download,SAME,31738,BOSTON,MASSACHUSETTS
PACK & GO MOVING LLC,pac storage inc,https://www.mass.gov/doc/pac-storage-inc/download,SAME,23HG48,WALTHAM,MASSACHUSETTS
PARADISE MOVING & STORAGE INC,paradise moving storage 32006 tariff,https://www.mass.gov/doc/paradise-moving-storage-32006-tariff/download,SAME,32006,ASHLAND,MASSACHUSETTS
PATRIOT RELOCATION SERVICES INC,patriot relocation serv inc,https://www.mass.gov/doc/patriot-relocation-serv-inc/download,SAME,30881,FOXBORO,MASSACHUSETTS
"PAUL ARPIN VAN LINES, INC.",Pending,Pending,ARPIN MOVING INC.,30814,WEST WARWICK,RHODE ISLAND
"PAUL W. TAYLOR CO, INC,",paul w taylor moving rate sheet eff 1 1 2024,https://www.mass.gov/doc/paul-w-taylor-moving-rate-sheet-eff-1-1-2024,SAME,4745,WAKEFIELD,MASSACHUSETTS
PAULISTA MOVING INC,paulista moving inc tariff,https://www.mass.gov/doc/paulista-moving-inc-tariff,SAME,31356,WAKEFIELD,MASSACHUSETTS
"PEGASUS TRUCKING & MOVING, INC",pegasus trucking moving inc,https://www.mass.gov/doc/pegasus-trucking-moving-inc/download,SAME,30623,NEWTON,MASSACHUSETTS
PERPETUUM MOVING LLC,perpetuum moving 24hg04 tariff,https://www.mass.gov/doc/perpetuum-moving-24hg04-tariff/download,SAME,24HG04,NEWTON,MASSACHUSETTS
PHILIP P MASSAD MOVERS INC,philip p massad movers inc 4380 tarriff 2025,https://www.mass.gov/doc/philip-p-massad-movers-inc-4380-tarriff-2025,SAME,4380,WORCESTER,MASSACHUSETTS
PHOENIX MOVING INC,phoenix moving inc 32054 tariff,https://www.mass.gov/doc/phoenix-moving-inc-32054-tariff/download,PHOENIX MOVERS,32054,NATICK,MASSACHUSETTS
PIECE BY PIECE MOVERS LLC,piece by piece movers llc,https://www.mass.gov/doc/piece-by-piece-movers-llc/download,SAME,31464,NEWTON,MASSACHUSETTS
PINK ZEBRA MOVING OF BOSTON MA,pink zebra moving of boston 24hg09 tariff,https://www.mass.gov/doc/pink-zebra-moving-of-boston-24hg09-tariff,MAPLE TRAIL MOVERS LLC,24HG09,WALTHAM,MASSACHUSETTS
PLEASANT MOVING OF BOSTON,pleasant moving of boston,https://www.mass.gov/doc/pleasant-moving-of-boston/download,SAME,31529,BOSTON,MASSACHUSETTS
POINT B RELOCATION INC,point b relocation tariff 09 10 25 version,https://www.mass.gov/doc/point-b-relocation-tariff-09-10-25-version,JOHN PALMER MOVING & STORAGE,6736,ACTON,MASSACHUSETTS
POSEIDON MOVING,poseidonmovingmadputariffno1docxdocx,https://www.mass.gov/doc/poseidonmovingmadputariffno1docxdocx,SAME,31816,BROOKLINE,MASSACHUSETTS
PRECISION MOVING COMPANY,precision moving company,https://www.mass.gov/doc/precision-moving-company/download,SAME,31154,SOMERVILLE,MASSACHUSETTS
PREFERRED MOVERS LLC,preferred movers llc,https://www.mass.gov/doc/preferred-movers-llc/download,SAME,31465,MERRIMAC,MASSACHUSETTS
PREMIUM Q MOVING & STORAGE LLC,premium q moving and storage inc 31748 2025 tariff,https://www.mass.gov/doc/premium-q-moving-and-storage-inc-31748-2025-tariff,SAME,31748,MEDFORD,MASSACHUSETTS
PRIME MOVING AND STORAGE INC,Pending,Pending,SAME,25HG26,BOSTON,MASSACHUSETTS
PRIME MOVING BOSTON LLC,prime moving boston llc tariff,https://www.mass.gov/doc/prime-moving-boston-llc-tariff,SAME,24HG25,BOSTON,MASSACHUSETTS
PRIMO MOVING LLC,primo moving llcs 24hg05 tariff,https://www.mass.gov/doc/primo-moving-llcs-24hg05-tariff/download,SAME,24HG05,MEDFORD,MASSACHUSETTS
PROVENCHER VAN LINES,provencher van lines,https://www.mass.gov/doc/provencher-van-lines/download,SAME,31930,PEABODY,MASSACHUSETTS
PROXIMA MOVING & STORAGE,proxima moving 31848 tariff,https://www.mass.gov/doc/proxima-moving-31848-tariff/download,BOFF LLC,31848,SWAMPSCOTT,MASSACHUSETTS
PRUDENTIAL MOVING AND STORAGE LLC,prudential moving tariff,https://www.mass.gov/doc/prudential-moving-tariff/download,SAME,32015,FRAMINGHAM,MASSACHUSETTS
"R. B. COOKE & SON, INC.",r b cooke son inc,https://www.mass.gov/doc/r-b-cooke-son-inc/download,SAME,3864,HOLBROOK,MASSACHUSETTS
"RA MOVERS, LLC",ra movers,https://www.mass.gov/doc/ra-movers/download,SAME,31523,PLAINVILLE,MASSACHUSETTS
RABBITT TRUCKING CORPORATION,rabbitt trucking corporation,https://www.mass.gov/doc/rabbitt-trucking-corporation/download,SAME,31850,REHOBOTH,MASSACHUSETTS
RACE STREET PROPERTIES LLC,race street properties 24hg24b tariff,https://www.mass.gov/doc/race-street-eviction-services-tariff-24hg24b,SAME,24HG24B,HOLYOKE,MASSACHUSETTS
RAIMOND'S MOVERS INC,raimonds movers inc,https://www.mass.gov/doc/raimonds-movers-inc/download,SAME,31418,DEDHAM,MASSACHUSETTS
RARE MOVING & STORAGE COMPANY,rare moving storage company,https://www.mass.gov/doc/rare-moving-storage-company/download,RARE TRUCKING COMPANY,31520,BRAINTREE,MASSACHUSETTS
RAY THE MOVER,ray the mover 31842 tariff 2025,https://www.mass.gov/doc/ray-the-mover-31842-tariff-2025,MII MOVING AND STORAGE LLC,31842,MANCHESTER,NEW HAMPSHIRE
RC MASON MOVERS INC,rc mason movers inc,https://www.mass.gov/doc/rc-mason-movers-inc/download,SAME,2795,PEABODY,MASSACHUSETTS
REAL DEAL VAN LINES INC,real deal van lines tariff 062524,https://www.mass.gov/doc/real-deal-van-lines-tariff-062524/download,SAME,31720,LEOMINSTER,MASSACHUSETTS
RED LLAMA MOVING & STORAGE LLC,red llama moving and storage llc 32068 tariff 2025,https://www.mass.gov/doc/red-llama-moving-and-storage-llc-32068-tariff-2026pdf,SAME,32068,ANDOVER,MASSACHUSETTS
RELOQ MOVING SERVICES LLC,reloq moving service 24hg10 tariff,https://www.mass.gov/doc/reloq-moving-service-24hg10-tariff/download,SAME,24HG10,ASHLAND,MASSACHUSETTS
REXTON MOVING AND STORAGE Inc.,rexton moving and storage 24hg31 tariff,https://www.mass.gov/doc/rexton-moving-and-storage-24hg31-tariff/download,SAME,24HG31,WATERTOWN,MASSACHUSETTS
RGS MOVING STATEWIDE MOVING,Pending,Pending,SAME,31728,WEST BRIDGEWATER,MASSACHUSETTS
RICH MOVING & STORAGE,rich moving storage,https://www.mass.gov/doc/rich-moving-storage/download,SAME,30520,MASHPEE,MASSACHUSETTS
"ROAD WARRIOR MOVING & STORAGE., INC.",road warrior moving storage inc,https://www.mass.gov/doc/road-warrior-moving-storage-inc/download,SAME,30739,ARLINGTON,MASSACHUSETTS
"ROADRUNNER MVG & STORAGE, INC.",roadrunner mvg storage inc,https://www.mass.gov/doc/roadrunner-mvg-storage-inc/download,SAME,29262,BOSTON,MASSACHUSETTS
ROGER SITTERLY AND SON INC,roger sitterly and son inc movers tariff,https://www.mass.gov/doc/roger-sitterly-and-son-inc-movers-tariff,ATLAS VAN LINES,3334,SPRINGFIELD,MASSACHUSETTS
ROLLING STONES MOVING COMPANY,rolling stones tariff,https://www.mass.gov/doc/rolling-stones-tariff,SAME,24HG40,CAMBRIDGE,MASSACHUSETTS
ROUND THE CLOCK MOVING LLC,Pending,Pending,SAME,32048,BOSTON,MASSACHUSETTS
ROY'S MOVING INC,roys moving inc 31757,https://www.mass.gov/doc/roys-moving-inc-31757/download,SAME,31757,NEWTON,MASSACHUSETTS
RTM LLC,rtm llc moving tariff,https://www.mass.gov/doc/rtm-llc-moving-tariff,SAME,24HG38,HAVERHILL,MASSACHUSETTS
SAFE RESPONSIBLE MOVERS,safe responsible movers,https://www.mass.gov/doc/safe-responsible-movers/download,SAME,31608,BOSTON,MASSACHUSETTS
SALEM QUALITY SERVICES INC,salem quality services inc 32055 tariff,https://www.mass.gov/doc/salem-quality-services-inc-32055-tariff/download,SAME,32055,PEABODY,MASSACHUSETTS
SAME CITY MOVING LLC,same city moving llc 32062 tariff 2024,https://www.mass.gov/doc/same-city-moving-llc-32062-tariff-2024,SAME,32062,QUINCY,MASSACHUSETTS
SANTOS MOVING,santos moving,https://www.mass.gov/doc/santos-moving/download,SAME,31040,ASHLAND,MASSACHUSETTS
SCOTT MAYFLOWER,scott mayflower,https://www.mass.gov/doc/scott-mayflower/download,"SCOTT RELOCATION SERVICES, INC",30958,NORTH ATTLEBORO,MASSACHUSETTS
SteadyGo Movers ,SteadyGo Movers ,https://www.mass.gov/doc/steadygomoverstariffno1pdf/download,SAME ,,Waltham,MASSACHUSETTS
"SEVEN MOVING, LLC",seven moving llc 31865 tariffs,https://www.mass.gov/doc/seven-moving-llc-31865-tariffs,SAME,31865,BROOKLINE,MASSACHUSETTS
SHORT'S EXPRESS INC.,Pending,Pending,SAME,1301,MERRIMAC,MASSACHUSETTS
"SIMPSON BROTHERS MOVERS, INC.",simpson brothers movers inc,https://www.mass.gov/doc/simpson-brothers-movers-inc/download,SAME,4790,ARLINGTON,MASSACHUSETTS
SMALL HAUL,small haul,https://www.mass.gov/doc/small-haul/download,CHARLES SERVICES GROUP LLC,31474,BOSTON,MASSACHUSETTS
SMALL MOVES SPECIALISTS INC,small moves specialists 3312 tariff 2025,https://www.mass.gov/doc/small-moves-specialists-3312-tariff-2025,SAME,3312,SOUTH HADLEY,MASSACHUSETTS
SMART PENNY MOVING INC,smart penny moving inc,https://www.mass.gov/doc/smart-penny-moving-inc/download,SAME,31753,CAMBRIDGE,MASSACHUSETTS
SMOOTH MOVERS,smooth movers,https://www.mass.gov/doc/smooth-movers/download,SAME,31919,WESTFIELD,MASSACHUSETTS
SOUTHCOAST MVG STOR & PROP MGT,southcoast moving 31191 tariff,https://www.mass.gov/doc/southcoast-moving-31191-tariff/download,SAME,31191,NEW BEDFORD,MASSACHUSETTS
SPEEDY KING LABORS INC,speedy king labors tariff,https://www.mass.gov/doc/speedy-king-labors-tariff,SAME,25HG07,MEDFORD,MASSACHUSETTS
SPEEDY MOVING COMPANY,speedy moving company,https://www.mass.gov/doc/speedy-moving-company/download,SAME,31988,BOSTON,MASSACHUSETTS
SPS MOVERS,sps movers,https://www.mass.gov/doc/sps-movers/download,SAME,31369,FRANKLIN,MASSACHUSETTS
STAIRHOPPER MOVERS,stairhopper movers,https://www.mass.gov/doc/stairhopper-movers/download,SAME,31321,EVERETT,MASSACHUSETTS
STARK MOVING AND STORAGE INC,stark moving and storage inc,https://www.mass.gov/doc/stark-moving-and-storage-inc/download,SAME,31961,BOSTON,MASSACHUSETTS
STERLING CORPORATION,sterling corporation,https://www.mass.gov/doc/sterling-corporation/download,SAME,7580,LOWELL,MASSACHUSETTS
SUN ISLAND DELIVERY,sun island delivery,https://www.mass.gov/doc/sun-island-delivery/download,SUN LEASING CORP.,30809,BARNSTABLE,MASSACHUSETTS
T E ANDRESEN INC,te andresen inc 2614 tariff,https://www.mass.gov/doc/te-andresen-inc-2614-tariff/download,SAME,2614,SALISBURY,MASSACHUSETTS
TEAM ORANGE MOVING LLC,team orange moving llc tariff 062524,https://www.mass.gov/doc/team-orange-moving-llc-tariff-062524/download,SAME,23HG13,LUNENBURG,MASSACHUSETTS
THE MAINLAND CONNECTION,https://www.mass.gov/admin/ma dash/documents,https://www.mass.gov/admin/ma-dash/documents,ISLAND VIEW HOLDINGS LLC,24HG36,NANTUCKET,MASSACHUSETTS
THE TWO BROTHERS MOVING CO LLC,the two brothers moving co llc,https://www.mass.gov/doc/the-two-brothers-moving-co-llc/download,SAME,31888,SOMERVILLE,MASSACHUSETTS
TITAN MOVING & STORAGE,titan moving storage inc dbs deathwish piano movers tariff 062524,https://www.mass.gov/doc/titan-moving-storage-inc-dbs-deathwish-piano-movers-tariff-062524/download,SAME,27919,MALDEN,MASSACHUSETTS
TLC MOVING & STORAGE,tlc moving storage,https://www.mass.gov/doc/tlc-moving-storage/download,SAME,31638,HAVERHILL,MASSACHUSETTS
TOBIN SCIENTIFIC,tobin scientific tariff,https://www.mass.gov/doc/tobin-scientific-tariff,TOBIN & SONS MOVING & STORAGE LLC,24HG43,BEVERLY,MASSACHUSETTS
TOWN TO TOWN MOVERS INC,town to town movers inc,https://www.mass.gov/doc/town-to-town-movers-inc/download,SAME,30182,WORCESTER,MASSACHUSETTS
TRANSYLVANIA MOVING COMPANY LLC,transylvania moving company,https://www.mass.gov/doc/transylvania-moving-company/download,SAME,31999,BEVERLY,MASSACHUSETTS
TREND MOVING & STORAGE,trend moving storage,https://www.mass.gov/doc/trend-moving-storage/download,SAME,31942,LONDONDERRY,NEW HAMPSHIRE
"TRIPLE M MOVERS & STORAGE, INC",triple m movers storage inc,https://www.mass.gov/doc/triple-m-movers-storage-inc/download,SAME,30707,BROCKTON,MASSACHUSETTS
TROWT'S MOVING & EXPRESS CO.,trowts moving express co,https://www.mass.gov/doc/trowts-moving-express-co/download,SAME,6987,BEVERLY,MASSACHUSETTS
TROY'S MOVING & STORAGE,troys moving storage,https://www.mass.gov/doc/troys-moving-storage/download,SAME,29585,LOWELL,MASSACHUSETTS
TWO MEN AND A TRUCK,two men and a truck an3 31742 tariff,https://www.mass.gov/doc/two-men-and-a-truck-an3-31742-tariff,AN3 BOSTON LLC,31742,WILMINGTON,MASSACHUSETTS
TWO MEN AND A TRUCK,two men and a truck,https://www.mass.gov/doc/two-men-and-a-truck/download,ODYSSEY GROUP  PROVIDENCE CORPORATION,32014,ANN ARBOR,MICHIGAN
U HAUL CO OF MASS AND OHIO INC,Pending,Pending,SAME,31467,PHOENIX,ARIZONA
"VANGUARD MOVING SERVICES, LLC",vanguard moving services llc,https://www.mass.gov/doc/vanguard-moving-services-llc/download,SAME,30967,BARNSTABLE,MASSACHUSETTS
VARSITY MOVERS LLC,varsity movers 22hg08 tariff,https://www.mass.gov/doc/varsity-movers-22hg08-tariff/download,SAME,22HG08,HOPKINTON,MASSACHUSETTS
VIKING MOVING SERVICES INC,viking moving services inc,https://www.mass.gov/doc/viking-moving-services-inc/download,VIKING MOVERS,29497,ACTON,MASSACHUSETTS
VIP MOVERS BOSTON LLC,vip mover boston 23hg37 tariff,https://www.mass.gov/doc/vip-mover-boston-23hg37-tariff/download,SAME,23HG37,BEDFORD,MASSACHUSETTS
"W & W MOVING & STORAGE, LLC",w and w tariff 2025,https://www.mass.gov/doc/w-and-w-tariff-2025/download,SAME,1585,SOUTH HADLEY,MASSACHUSETTS
W.W. MOVING COMPANY,ww moving co,https://www.mass.gov/doc/ww-moving-co/download,SAME,30853,SOUTH HADLEY,MASSACHUSETTS
WAKEFIELD MOVING & STORAGE SERVICES LLC,wakefield moving storage inc 0,https://www.mass.gov/doc/wakefield-moving-storage-inc-0,SAME,3213,PEABODY,MASSACHUSETTS
WAN VENTURES LLC,wan ventures tariff 062524,https://www.mass.gov/doc/wan-ventures-tariff-062524/download,PRIME DELIVERY SERVICE,23HG14,WILMINGTON,MASSACHUSETTS
WELCH'S PROFESSIONAL SERVICES,welchs professional services 31896 tariff 2025,https://www.mass.gov/doc/welchs-professional-services-31896-tariff-2025,SAME,31896,MASHPEE,MASSACHUSETTS
"WILLIAM B MEYER, INC.",william b meyer inc 31212 tariff 2025,https://www.mass.gov/doc/william-b-meyer-inc-31212-tariff-2025,SAME,31212,STRATFORD,CONNECTICUT
WM DUGGAN CO INC,wm duggan co inc,https://www.mass.gov/doc/wm-duggan-co-inc/download,SAME,26799,WALPOLE,MASSACHUSETTS
YAMATO TRANSPORT USA INC,yamato transport usa inc 31452 tariff,https://www.mass.gov/doc/yamato-transport-usa-inc-31452-tariff/download,SAME,31452,EAST RUTHERFORD,NEW JERSEY
YOUR FRIEND WITH A TRUCK,your friend with a truck moving rates,https://www.mass.gov/doc/your-friend-with-a-truck-moving-rates/download,SAME,31887,NANTUCKET,MASSACHUSETTS
YOUR MOVE INC,your move inc tariff,https://www.mass.gov/doc/your-move-inc-tariff,SAME,31390,SOMERVILLE,MASSACHUSETTS
