"v1_url","observed_usdot","match_status","provider_id","v2_display_name","proposed_canonical","redirect_required","notes"
"/companies/allied-van-lines","125563|20125563","EXACT_USDOT_MATCH","92879fad-36b3-5771-ac0b-9e3704e7b48d","AERO MAYFLOWER TRANSIT COMPANY","/companies/allied-van-lines","NO","Exact identifier only; no fuzzy merge"
"/companies/united-van-lines","077949|77949|20077949","EXACT_USDOT_MATCH","dd2d40be-e377-5cfe-820a-b9a5db659d73","UNITED VAN LINES","/companies/united-van-lines","NO","Exact identifier only; no fuzzy merge"
"/companies/north-american-van-lines","070851|70851|20070851","EXACT_USDOT_MATCH","53dc5074-71f9-50a6-8a80-33588b2f5422","NORTH AMERICAN MOVING & STORAGE","/companies/north-american-van-lines","NO","Exact identifier only; no fuzzy merge"
"/companies/mayflower-transit","125563|20125563","EXACT_USDOT_MATCH","92879fad-36b3-5771-ac0b-9e3704e7b48d","AERO MAYFLOWER TRANSIT COMPANY","/companies/mayflower-transit","NO","Exact identifier only; no fuzzy merge"
"/companies/jk-moving-services","1065394|20106539","EXACT_USDOT_MATCH","e9ace64e-66cb-55e4-9ac9-49df836e629c","JK MOVING SERVICES","/companies/jk-moving-services","NO","Exact identifier only; no fuzzy merge"
"/companies/international-van-lines","1865578|20186557","UNMATCHED","","","/companies/international-van-lines","NO","Exact identifier only; no fuzzy merge"
"/companies/safeway-moving","2041756|20204175","UNMATCHED","","","/companies/safeway-moving","NO","Exact identifier only; no fuzzy merge"
"/companies/american-van-lines","614506|20614506","EXACT_USDOT_MATCH","fa6c1792-27ad-53f2-8c5f-c7e94918976c","AMERICAN VAN LINES INC","/companies/american-van-lines","NO","Exact identifier only; no fuzzy merge"
"/companies/colonial-van-lines","143437|20143437","EXACT_USDOT_MATCH","bf027c83-6066-51f7-a138-fc8c3aa5e1af","SPECIAL SERVICE CO INC","/companies/colonial-van-lines","NO","Exact identifier only; no fuzzy merge"
"/companies/bekins-van-lines","","UNMATCHED","","","/companies/bekins-van-lines","NO","No USDOT extracted from rendered Production HTML"
"/companies/atlas-van-lines","125563|20125563","EXACT_USDOT_MATCH","92879fad-36b3-5771-ac0b-9e3704e7b48d","AERO MAYFLOWER TRANSIT COMPANY","/companies/atlas-van-lines","NO","Exact identifier only; no fuzzy merge"
"/companies/two-men-and-a-truck","2256609|20225660","EXACT_USDOT_MATCH","016afabd-0fc4-54c1-a11f-d208ac658f6d","BEKINS VAN LINES INC","/companies/two-men-and-a-truck","NO","Exact identifier only; no fuzzy merge"
"/companies/pensey-moving","2108844|20210884","UNMATCHED","","","/companies/pensey-moving","NO","Exact identifier only; no fuzzy merge"
"/companies/stevens-worldwide","72029|2072029","EXACT_USDOT_MATCH","67f864af-7c9f-53db-9737-4c5c775e8223","STEVENS MOVING & STORAGE INC","/companies/stevens-worldwide","NO","Exact identifier only; no fuzzy merge"
"/companies/wheaton-world-wide","125563|20125563","EXACT_USDOT_MATCH","92879fad-36b3-5771-ac0b-9e3704e7b48d","AERO MAYFLOWER TRANSIT COMPANY","/companies/wheaton-world-wide","NO","Exact identifier only; no fuzzy merge"
"/companies/graebel-van-lines","125563|20125563","EXACT_USDOT_MATCH","92879fad-36b3-5771-ac0b-9e3704e7b48d","AERO MAYFLOWER TRANSIT COMPANY","/companies/graebel-van-lines","NO","Exact identifier only; no fuzzy merge"
"/companies/arpin-van-lines","125563|20125563","EXACT_USDOT_MATCH","92879fad-36b3-5771-ac0b-9e3704e7b48d","AERO MAYFLOWER TRANSIT COMPANY","/companies/arpin-van-lines","NO","Exact identifier only; no fuzzy merge"
"/companies/national-van-lines","70851|2070851","EXACT_USDOT_MATCH","53dc5074-71f9-50a6-8a80-33588b2f5422","NORTH AMERICAN MOVING & STORAGE","/companies/national-van-lines","NO","Exact identifier only; no fuzzy merge"
"/companies/royal-moving","2401924|20240192","UNMATCHED","","","/companies/royal-moving","NO","Exact identifier only; no fuzzy merge"
"/companies/gentle-giant-moving","373544|20373544","EXACT_USDOT_MATCH","3d38f8a6-b1e1-58d7-9012-1a63158ea9b2","GENTLE GIANT MOVING COMPANY GENTLE GIANT MOVING AND STORAGE","/companies/gentle-giant-moving","NO","Exact identifier only; no fuzzy merge"
"/companies/bellhop","2518206|20251820","UNMATCHED","","","/companies/bellhop","NO","Exact identifier only; no fuzzy merge"
"/companies/moving-apt","1877726|20187772","UNMATCHED","","","/companies/moving-apt","NO","Exact identifier only; no fuzzy merge"
"/companies/we-move-u","1778016|20177801","EXACT_USDOT_MATCH","3cd7cd56-bbdc-55af-9cf0-3edffb9d0a8a","JACOBO'S TRUCKING","/companies/we-move-u","NO","Exact identifier only; no fuzzy merge"
"/companies/amerisafe-van-lines","3341650|20334165","EXACT_USDOT_MATCH","0779bf9c-e5d1-5d35-8062-10194964c00e","AMERISAFE VANLINES","/companies/amerisafe-van-lines","NO","Exact identifier only; no fuzzy merge"
"/companies/pods","1397252|20139725","EXACT_USDOT_MATCH","e5a21833-3eb7-5a36-83a1-2ee29f673cec","PODS","/companies/pods","NO","Exact identifier only; no fuzzy merge"
"/companies/u-pack","2632086|82866|20263208","IDENTITY_REVIEW","","","/companies/u-pack","NO","Exact identifier only; no fuzzy merge"
"/companies/u-haul-u-box","","UNMATCHED","","","/companies/u-haul-u-box","NO","No USDOT extracted from rendered Production HTML"
"/companies/1-800-pack-rat","1534531|20153453","EXACT_USDOT_MATCH","d60399b7-943e-51c1-97d1-37741aa145fd","1-800-PACK-RAT LLC","/companies/1-800-pack-rat","NO","Exact identifier only; no fuzzy merge"
"/companies/zippy-shell","","UNMATCHED","","","/companies/zippy-shell","NO","No USDOT extracted from rendered Production HTML"
"/companies/units-moving-portable-storage","","UNMATCHED","","","/companies/units-moving-portable-storage","NO","No USDOT extracted from rendered Production HTML"
"/companies/go-minis","","UNMATCHED","","","/companies/go-minis","NO","No USDOT extracted from rendered Production HTML"
"/companies/smartbox","","UNMATCHED","","","/companies/smartbox","NO","No USDOT extracted from rendered Production HTML"
"/companies/montway-auto-transport","2239816|20223981","EXACT_USDOT_MATCH","becea08e-3dca-58d9-8f44-f7092da7f261","MONTWAY AUTO TRANSPORT","/companies/montway-auto-transport","NO","Exact identifier only; no fuzzy merge"
"/companies/amerifreight-auto-transport","2238770|20223877","EXACT_USDOT_MATCH","84ffbb77-70fd-5614-aba0-01c79030a4c7","AMERIFREIGHT INC","/companies/amerifreight-auto-transport","NO","Exact identifier only; no fuzzy merge"
"/companies/sherpa-auto-transport","4085166|20408516","EXACT_USDOT_MATCH","88d1d790-b1f9-59d7-8535-3a10af9f75fd","SHERPA AUTO TRANSPORT LLC","/companies/sherpa-auto-transport","NO","Exact identifier only; no fuzzy merge"
"/companies/sgt-auto-transport","2521690|20252169","EXACT_USDOT_MATCH","c8a41963-bd14-527a-85ae-e8bcaec38abe","SGT AUTO TRANSPORT","/companies/sgt-auto-transport","NO","Exact identifier only; no fuzzy merge"
"/companies/easy-auto-ship","3149259|20314925","EXACT_USDOT_MATCH","d9dd992b-f370-5c85-87d2-52be9e08a9b1","EASY AUTO SHIP LLC","/companies/easy-auto-ship","NO","Exact identifier only; no fuzzy merge"
"/companies/ship-a-car-direct","2241272|20224127","EXACT_USDOT_MATCH","d0daa7da-0dbe-5d66-823c-23beea8745c3","SHIP A CAR DIRECT INC","/companies/ship-a-car-direct","NO","Exact identifier only; no fuzzy merge"
"/companies/roadrunner-auto-transport","","UNMATCHED","","","/companies/roadrunner-auto-transport","NO","No USDOT extracted from rendered Production HTML"
"/companies/uship","","UNMATCHED","","","/companies/uship","NO","No USDOT extracted from rendered Production HTML"
"/companies/nexus-auto-transport","","UNMATCHED","","","/companies/nexus-auto-transport","NO","No USDOT extracted from rendered Production HTML"
"/companies/mercury-auto-transport","","UNMATCHED","","","/companies/mercury-auto-transport","NO","No USDOT extracted from rendered Production HTML"
"/companies/reliable-carriers","242599|20242599","EXACT_USDOT_MATCH","259191a3-44a1-5779-9339-649cce626abc","RELIABLE CARRIERS INC","/companies/reliable-carriers","NO","Exact identifier only; no fuzzy merge"
"/companies/intercity-lines","223672|20223672","EXACT_USDOT_MATCH","1fa9c71b-ae96-57b3-8929-1ca0afc3588c","INTERCITY LINES INC","/companies/intercity-lines","NO","Exact identifier only; no fuzzy merge"
"/company/dot-614506","614506|20614506","EXACT_USDOT_MATCH","fa6c1792-27ad-53f2-8c5f-c7e94918976c","AMERICAN VAN LINES INC","/company/dot-614506","NO","Exact identifier only; no fuzzy merge"
"/company/dot-227698","227698|20227698","EXACT_USDOT_MATCH","1a91c3ba-5c9f-5073-b59c-af7fa1a9fa42","ROYAL HAWAIIAN TRUCKING & WAREHOUSING","/company/dot-227698","NO","Exact identifier only; no fuzzy merge"
"/company/dot-3101918","3101918|20310191","EXACT_USDOT_MATCH","5227c6e3-ce42-5641-97a0-d32a83155f98","AMEX MOVING AND STORAGE LLC","/company/dot-3101918","NO","Exact identifier only; no fuzzy merge"
"/company/dot-3374772","3374772|20337477","EXACT_USDOT_MATCH","47e28ae6-2444-58fc-9f23-2cefa60b4768","OUR FAMILY MOVING AND STORAGE LLC","/company/dot-3374772","NO","Exact identifier only; no fuzzy merge"
"/company/dot-713589","713589|20713589","EXACT_USDOT_MATCH","c8950883-d4b5-502a-9a6f-cdc210bf42be","THOMPSON DELIVERY SERVICES COLWRIGHT","/company/dot-713589","NO","Exact identifier only; no fuzzy merge"
"/company/dot-3337911","3337911|20333791","EXACT_USDOT_MATCH","09f2c021-f5dd-5163-8148-9188c0cf96cb","LATER GATOR MOVING LLC","/company/dot-3337911","NO","Exact identifier only; no fuzzy merge"
