"provider_id","source_release_id","usdot","legal_name","dba_name","display_name","usdot_status","carrier_operation","state","city","phone","power_units","drivers","motor_vehicle_cargo_reported","published_at","email","physical_address","mailing_address","classification","reason_codes","conflicts","source_release_ids","authority_rows","history_rows","insurance_rows","docket_rows","sample_group","dba_display_pass","official_trace_pass","hhg_classification"
"c794ef6f-29ad-5785-a60f-b0d9a79fd673","8d3fcdd6-9f00-4bb3-b960-ab5e74b9f5cb","3047282","E & F TRANSPORT INC","","E & F TRANSPORT INC","A","A","OH","TIPP CITY","4438395336","1","1","true","Sun Aug 16 2026 17:00:16 GMT-0400 (Eastern Daylight Time)","eandftransportinc@gmail.com","[object Object]","[object Object]","AUTO_TRANSPORT_CARRIER","FMCSA_MOTOR_VEHICLES_CARGO_REPORTED,ACTIVE_PROPERTY_CARRIER_AUTHORITY","","8d3fcdd6-9f00-4bb3-b960-ab5e74b9f5cb","1","1","2","1","AUTO_TRANSPORT_CARRIER","true","true",""
"a408e986-f2bd-5dbc-98a2-e7817f7be2e3","8d3fcdd6-9f00-4bb3-b960-ab5e74b9f5cb","3047352","TREVINOS MOTOR TRANSPORT LLC","","TREVINOS MOTOR TRANSPORT LLC","A","C","TX","GRAND PRAIRIE","4698701445","2","1","true","Sun Aug 16 2026 17:00:16 GMT-0400 (Eastern Daylight Time)","trevinosmtrans@yahoo.com","[object Object]","[object Object]","AUTO_TRANSPORT_CARRIER","FMCSA_MOTOR_VEHICLES_CARGO_REPORTED,ACTIVE_PROPERTY_CARRIER_AUTHORITY","","8d3fcdd6-9f00-4bb3-b960-ab5e74b9f5cb","1","1","2","1","AUTO_TRANSPORT_CARRIER","true","true",""
"d3429da6-6f66-5e4b-a113-fed167c31e91","8d3fcdd6-9f00-4bb3-b960-ab5e74b9f5cb","3047698","FIRST CLASS TRANSPORTATION LLC","","FIRST CLASS TRANSPORTATION LLC","A","A","WA","FEDERAL WAY","2536321790","2","2","true","Sun Aug 16 2026 17:00:16 GMT-0400 (Eastern Daylight Time)","kemrannurfct@gmail.com","[object Object]","[object Object]","AUTO_TRANSPORT_CARRIER","FMCSA_MOTOR_VEHICLES_CARGO_REPORTED,ACTIVE_PROPERTY_CARRIER_AUTHORITY","","8d3fcdd6-9f00-4bb3-b960-ab5e74b9f5cb","1","1","1","1","AUTO_TRANSPORT_CARRIER","true","true",""
"2735cabb-4f92-5329-aac8-64e0a2803d23","8d3fcdd6-9f00-4bb3-b960-ab5e74b9f5cb","3047885","UB TRANS INC","","UB TRANS INC","A","A","IL","AURORA","5404543533","1","1","true","Sun Aug 16 2026 17:00:16 GMT-0400 (Eastern Daylight Time)","tulgaatrans@gmail.com","[object Object]","[object Object]","AUTO_TRANSPORT_CARRIER","FMCSA_MOTOR_VEHICLES_CARGO_REPORTED,ACTIVE_PROPERTY_CARRIER_AUTHORITY","","8d3fcdd6-9f00-4bb3-b960-ab5e74b9f5cb","1","1","1","1","AUTO_TRANSPORT_CARRIER","true","true",""
"9265a8e9-8612-590e-8906-2a27d1d39016","8d3fcdd6-9f00-4bb3-b960-ab5e74b9f5cb","3051817","ONON LLC","","ONON LLC","A","A","IL","ELGIN","2248303555","3","3","true","Sun Aug 16 2026 17:00:16 GMT-0400 (Eastern Daylight Time)","ONONLLC@GMAIL.COM","[object Object]","[object Object]","AUTO_TRANSPORT_CARRIER","FMCSA_MOTOR_VEHICLES_CARGO_REPORTED,ACTIVE_PROPERTY_CARRIER_AUTHORITY","","8d3fcdd6-9f00-4bb3-b960-ab5e74b9f5cb","1","1","1","2","AUTO_TRANSPORT_CARRIER","true","true",""
"7a811d50-4384-5f79-8a24-cfa3bc19bca8","8d3fcdd6-9f00-4bb3-b960-ab5e74b9f5cb","3056600","GALTEX AUTO LLC","","GALTEX AUTO LLC","A","A","TX","TEXAS CITY","","1","1","true","Sun Aug 16 2026 17:00:17 GMT-0400 (Eastern Daylight Time)","dbozhuk@yahoo.com","[object Object]","[object Object]","AUTO_TRANSPORT_CARRIER","FMCSA_MOTOR_VEHICLES_CARGO_REPORTED,ACTIVE_PROPERTY_CARRIER_AUTHORITY","","8d3fcdd6-9f00-4bb3-b960-ab5e74b9f5cb","1","1","1","1","AUTO_TRANSPORT_CARRIER","true","true",""
"0c4a29db-5118-5a93-8d59-53cb926f9bea","8d3fcdd6-9f00-4bb3-b960-ab5e74b9f5cb","3058307","FOSTER TRUCKING LLC","","FOSTER TRUCKING LLC","A","A","SD","BELLE FOURCHE","6055696985","1","1","true","Sun Aug 16 2026 17:00:17 GMT-0400 (Eastern Daylight Time)","fostercurt1993@gmail.com","[object Object]","[object Object]","AUTO_TRANSPORT_CARRIER","FMCSA_MOTOR_VEHICLES_CARGO_REPORTED,ACTIVE_PROPERTY_CARRIER_AUTHORITY","","8d3fcdd6-9f00-4bb3-b960-ab5e74b9f5cb","1","1","1","1","AUTO_TRANSPORT_CARRIER","true","true",""
"b0740655-7a70-560c-b439-295a28c9dda5","8d3fcdd6-9f00-4bb3-b960-ab5e74b9f5cb","3059572","SVT TRANSPORT LLC","","SVT TRANSPORT LLC","A","A","MO","PIERCE CITY","4173426541","16","19","true","Sun Aug 16 2026 17:00:17 GMT-0400 (Eastern Daylight Time)","SCOTTVALTERRY@GMAIL.COM","[object Object]","[object Object]","AUTO_TRANSPORT_CARRIER","FMCSA_MOTOR_VEHICLES_CARGO_REPORTED,ACTIVE_PROPERTY_CARRIER_AUTHORITY","","8d3fcdd6-9f00-4bb3-b960-ab5e74b9f5cb","1","1","2","1","AUTO_TRANSPORT_CARRIER","true","true",""
"2f0e9b53-d071-5b80-93e1-25ae4980fa28","8d3fcdd6-9f00-4bb3-b960-ab5e74b9f5cb","3060379","BLACKLINE TRANSPORTATION LLC","BLACKLINE TRANSPORTATION","BLACKLINE TRANSPORTATION","A","A","CA","SAN DIEGO","8589001002","2","2","true","Sun Aug 16 2026 17:00:17 GMT-0400 (Eastern Daylight Time)","tony@blacklinetransportation.com","[object Object]","[object Object]","AUTO_TRANSPORT_CARRIER","FMCSA_MOTOR_VEHICLES_CARGO_REPORTED,ACTIVE_PROPERTY_CARRIER_AUTHORITY","","8d3fcdd6-9f00-4bb3-b960-ab5e74b9f5cb","1","1","2","1","AUTO_TRANSPORT_CARRIER","true","true",""
"4b39d8a9-6ccc-5d68-b4bd-c351f6e6f9d0","8d3fcdd6-9f00-4bb3-b960-ab5e74b9f5cb","3062006","B & F HAULING LLC","","B & F HAULING LLC","A","A","GA","FT GAINES","9045240591","1","1","true","Sun Aug 16 2026 17:00:17 GMT-0400 (Eastern Daylight Time)","bfhaulingllc21@gmail.com","[object Object]","[object Object]","AUTO_TRANSPORT_CARRIER","FMCSA_MOTOR_VEHICLES_CARGO_REPORTED,ACTIVE_PROPERTY_CARRIER_AUTHORITY","","8d3fcdd6-9f00-4bb3-b960-ab5e74b9f5cb","1","1","2","1","AUTO_TRANSPORT_CARRIER","true","true",""
"8d8d5e23-b309-52fe-8ab0-90c8973d2455","8d3fcdd6-9f00-4bb3-b960-ab5e74b9f5cb","3063860","I&S TRANSPORTATION LLC","","I&S TRANSPORTATION LLC","A","A","OH","CUYAHOGA FALLS","7084871865","99","142","true","Sun Aug 16 2026 17:00:18 GMT-0400 (Eastern Daylight Time)","safety@instransportation.com","[object Object]","[object Object]","AUTO_TRANSPORT_CARRIER","FMCSA_MOTOR_VEHICLES_CARGO_REPORTED,ACTIVE_PROPERTY_CARRIER_AUTHORITY","","8d3fcdd6-9f00-4bb3-b960-ab5e74b9f5cb","1","2","1","1","AUTO_TRANSPORT_CARRIER","true","true",""
"4b29226b-fa00-589e-8960-a0a8af296e7f","8d3fcdd6-9f00-4bb3-b960-ab5e74b9f5cb","3064010","ADAM KANE TRANSPORT LLC","AKT","AKT","A","A","PA","SALTILLO","8143862246","1","1","true","Sun Aug 16 2026 17:00:18 GMT-0400 (Eastern Daylight Time)","adamkanetransport@gmail.com","[object Object]","[object Object]","AUTO_TRANSPORT_CARRIER","FMCSA_MOTOR_VEHICLES_CARGO_REPORTED,ACTIVE_PROPERTY_CARRIER_AUTHORITY","","8d3fcdd6-9f00-4bb3-b960-ab5e74b9f5cb","1","1","1","1","AUTO_TRANSPORT_CARRIER","true","true",""
"9f5d7997-a02a-5efd-817c-595b31e2d4a9","8d3fcdd6-9f00-4bb3-b960-ab5e74b9f5cb","3065026","D&R MORGAN TRANSPORT INC","","D&R MORGAN TRANSPORT INC","A","A","NC","WENDELL","9196718189","1","1","true","Sun Aug 16 2026 17:00:18 GMT-0400 (Eastern Daylight Time)","dnrmorgantransportinc@aol.com","[object Object]","[object Object]","AUTO_TRANSPORT_CARRIER","FMCSA_MOTOR_VEHICLES_CARGO_REPORTED,ACTIVE_PROPERTY_CARRIER_AUTHORITY","","8d3fcdd6-9f00-4bb3-b960-ab5e74b9f5cb","1","1","1","1","AUTO_TRANSPORT_CARRIER","true","true",""
"061f50fc-c109-50f9-a42c-7ee5551c8142","8d3fcdd6-9f00-4bb3-b960-ab5e74b9f5cb","3067074","AT CAR LLC","","AT CAR LLC","A","A","OH","TIPP CITY","7203243252","1","1","true","Sun Aug 16 2026 17:00:18 GMT-0400 (Eastern Daylight Time)","atcarllc@gmail.com","[object Object]","[object Object]","AUTO_TRANSPORT_CARRIER","FMCSA_MOTOR_VEHICLES_CARGO_REPORTED,ACTIVE_PROPERTY_CARRIER_AUTHORITY","","8d3fcdd6-9f00-4bb3-b960-ab5e74b9f5cb","1","1","1","1","AUTO_TRANSPORT_CARRIER","true","true",""
"baefe89e-34bb-58a6-8104-415daede1543","8d3fcdd6-9f00-4bb3-b960-ab5e74b9f5cb","3067808","GREAT WEST AUTO","","GREAT WEST AUTO","A","A","NV","HENDERSON","2135052753","64","30","true","Sun Aug 16 2026 17:00:18 GMT-0400 (Eastern Daylight Time)","enkhtfi@gmail.com","[object Object]","[object Object]","AUTO_TRANSPORT_CARRIER","FMCSA_MOTOR_VEHICLES_CARGO_REPORTED,ACTIVE_PROPERTY_CARRIER_AUTHORITY","","8d3fcdd6-9f00-4bb3-b960-ab5e74b9f5cb","1","1","1","1","AUTO_TRANSPORT_CARRIER","true","true",""
"2b2657ab-8b8f-564d-83f5-32adbbb02d73","8d3fcdd6-9f00-4bb3-b960-ab5e74b9f5cb","3067834","VSK TRANSPORTATION INC","","VSK TRANSPORTATION INC","A","A","PA","PHILADELPHIA","2673258601","1","1","true","Sun Aug 16 2026 17:00:18 GMT-0400 (Eastern Daylight Time)","VSKTRANSPORTATION@GMAIL.COM","[object Object]","[object Object]","AUTO_TRANSPORT_CARRIER","FMCSA_MOTOR_VEHICLES_CARGO_REPORTED,ACTIVE_PROPERTY_CARRIER_AUTHORITY","","8d3fcdd6-9f00-4bb3-b960-ab5e74b9f5cb","1","1","1","1","AUTO_TRANSPORT_CARRIER","true","true",""
"9909658d-f8fe-56c1-9391-6c6c7f1dc388","8d3fcdd6-9f00-4bb3-b960-ab5e74b9f5cb","3070048","ASA PRO TRANS INC","","ASA PRO TRANS INC","A","A","IL","BARTLETT","2247777771","82","82","true","Sun Aug 16 2026 17:00:18 GMT-0400 (Eastern Daylight Time)","dispatch@asaprotransinc.com","[object Object]","[object Object]","AUTO_TRANSPORT_CARRIER","FMCSA_MOTOR_VEHICLES_CARGO_REPORTED,ACTIVE_PROPERTY_CARRIER_AUTHORITY","","8d3fcdd6-9f00-4bb3-b960-ab5e74b9f5cb","1","3","1","1","AUTO_TRANSPORT_CARRIER","true","true",""
"8d77b16d-963e-5c35-b410-933c6d6e0168","8d3fcdd6-9f00-4bb3-b960-ab5e74b9f5cb","3071967","SUN EXPRESS FL CORPORATION","","SUN EXPRESS FL CORPORATION","A","A","FL","ORLANDO","13475562208","7","7","true","Sun Aug 16 2026 17:00:18 GMT-0400 (Eastern Daylight Time)","sunexpressflcorp@gmail.com","[object Object]","[object Object]","AUTO_TRANSPORT_CARRIER","FMCSA_MOTOR_VEHICLES_CARGO_REPORTED,ACTIVE_PROPERTY_CARRIER_AUTHORITY","","8d3fcdd6-9f00-4bb3-b960-ab5e74b9f5cb","1","1","1","1","AUTO_TRANSPORT_CARRIER","true","true",""
"7f1f82fe-8325-5e7a-ba19-ba1f6b43e411","8d3fcdd6-9f00-4bb3-b960-ab5e74b9f5cb","3072851","EJAY LOGISTICS LLC","","EJAY LOGISTICS LLC","A","A","NC","PLEASANT GARDEN","4439349080","1","2","true","Sun Aug 16 2026 17:00:18 GMT-0400 (Eastern Daylight Time)","ejaylogisticsllc@gmail.com","[object Object]","[object Object]","AUTO_TRANSPORT_CARRIER","FMCSA_MOTOR_VEHICLES_CARGO_REPORTED,ACTIVE_PROPERTY_CARRIER_AUTHORITY","","8d3fcdd6-9f00-4bb3-b960-ab5e74b9f5cb","1","1","2","1","AUTO_TRANSPORT_CARRIER","true","true",""
"5ac6a260-3ef7-5674-968a-d31dbeb5df58","8d3fcdd6-9f00-4bb3-b960-ab5e74b9f5cb","3073557","AMERICAN LOGISTICS PRIME LINE INC","ALPL INC","ALPL INC","A","A","IL","ROLLING MEADOWS","7736667993","73","73","true","Sun Aug 16 2026 17:00:18 GMT-0400 (Eastern Daylight Time)","office@alpl.us","[object Object]","[object Object]","AUTO_TRANSPORT_CARRIER","FMCSA_MOTOR_VEHICLES_CARGO_REPORTED,ACTIVE_PROPERTY_CARRIER_AUTHORITY","","8d3fcdd6-9f00-4bb3-b960-ab5e74b9f5cb","1","1","1","1","AUTO_TRANSPORT_CARRIER","true","true",""
"f5a3660a-f324-5fa7-a2c1-2ceab9b17962","8d3fcdd6-9f00-4bb3-b960-ab5e74b9f5cb","3075025","GOLDY CORPORATION","","GOLDY CORPORATION","A","A","IL","PLAINFIELD","6306429518","6","6","true","Sun Aug 16 2026 17:00:19 GMT-0400 (Eastern Daylight Time)","gc@goldycorporation.com","[object Object]","[object Object]","AUTO_TRANSPORT_CARRIER","FMCSA_MOTOR_VEHICLES_CARGO_REPORTED,ACTIVE_PROPERTY_CARRIER_AUTHORITY","","8d3fcdd6-9f00-4bb3-b960-ab5e74b9f5cb","1","1","1","1","AUTO_TRANSPORT_CARRIER","true","true",""
"447b169b-3134-5974-b8e6-e71d7e6b8b9e","8d3fcdd6-9f00-4bb3-b960-ab5e74b9f5cb","3075064","TOP DECK LOGISTICS LLC","","TOP DECK LOGISTICS LLC","A","A","AZ","LITCHFIELD PK","7143565912","3","4","true","Sun Aug 16 2026 17:00:19 GMT-0400 (Eastern Daylight Time)","ortega.trucker@gmail.com","[object Object]","[object Object]","AUTO_TRANSPORT_CARRIER","FMCSA_MOTOR_VEHICLES_CARGO_REPORTED,ACTIVE_PROPERTY_CARRIER_AUTHORITY","","8d3fcdd6-9f00-4bb3-b960-ab5e74b9f5cb","1","1","1","1","AUTO_TRANSPORT_CARRIER","true","true",""
"b0ea32c8-428f-5fcc-aad1-47c55b71e957","8d3fcdd6-9f00-4bb3-b960-ab5e74b9f5cb","3075177","MAKE A DEAL TRANSPORTING LLC","","MAKE A DEAL TRANSPORTING LLC","A","A","GA","LAGRANGE","7065941716","1","2","true","Sun Aug 16 2026 17:00:19 GMT-0400 (Eastern Daylight Time)","twneal1764@charter.net","[object Object]","[object Object]","AUTO_TRANSPORT_CARRIER","FMCSA_MOTOR_VEHICLES_CARGO_REPORTED,ACTIVE_PROPERTY_CARRIER_AUTHORITY","","8d3fcdd6-9f00-4bb3-b960-ab5e74b9f5cb","1","1","1","1","AUTO_TRANSPORT_CARRIER","true","true",""
"5d969768-f9cb-5910-a327-31ea4b0ad925","8d3fcdd6-9f00-4bb3-b960-ab5e74b9f5cb","3076445","B&S TRANSPORT LLC","","B&S TRANSPORT LLC","A","A","TN","COLUMBIA","9315054500","1","1","true","Sun Aug 16 2026 17:00:19 GMT-0400 (Eastern Daylight Time)","bands.transport@icloud.com","[object Object]","[object Object]","AUTO_TRANSPORT_CARRIER","FMCSA_MOTOR_VEHICLES_CARGO_REPORTED,ACTIVE_PROPERTY_CARRIER_AUTHORITY","","8d3fcdd6-9f00-4bb3-b960-ab5e74b9f5cb","1","1","1","1","AUTO_TRANSPORT_CARRIER","true","true",""
"03a2a793-abae-52e1-b465-3baf7c196add","8d3fcdd6-9f00-4bb3-b960-ab5e74b9f5cb","3076498","CANTEMIR INC","","CANTEMIR INC","A","A","IL","PLAINFIELD","6143307886","8","8","true","Sun Aug 16 2026 17:00:19 GMT-0400 (Eastern Daylight Time)","vpsafety20@gmail.com","[object Object]","[object Object]","AUTO_TRANSPORT_CARRIER","FMCSA_MOTOR_VEHICLES_CARGO_REPORTED,ACTIVE_PROPERTY_CARRIER_AUTHORITY","","8d3fcdd6-9f00-4bb3-b960-ab5e74b9f5cb","1","1","1","1","AUTO_TRANSPORT_CARRIER","true","true",""
"036473c3-cdf1-5e5e-8731-244c3e69d9dd","8d3fcdd6-9f00-4bb3-b960-ab5e74b9f5cb","4526805","MOTOTRAX INC","","MOTOTRAX INC","A","A","FL","MIAMI","7869484858","0","","true","Sun Aug 16 2026 17:01:20 GMT-0400 (Eastern Daylight Time)","mototraxinc@outlook.com","[object Object]","[object Object]","AUTO_TRANSPORT_BROKER","FMCSA_MOTOR_VEHICLES_CARGO_REPORTED,ACTIVE_PROPERTY_BROKER_AUTHORITY,BROKER_BOND_OR_TRUST_REPORTED","","8d3fcdd6-9f00-4bb3-b960-ab5e74b9f5cb","1","1","1","1","AUTO_TRANSPORT_BROKER","true","true",""
"085c0083-30f3-58e0-9958-e05a17f00a1e","8d3fcdd6-9f00-4bb3-b960-ab5e74b9f5cb","4057312","COLIBRI AUTO TRANSPORT INC","","COLIBRI AUTO TRANSPORT INC","A","A","DE","WILMINGTON","3024855725","0","","true","Sun Aug 16 2026 17:20:24 GMT-0400 (Eastern Daylight Time)","admin@colibriautotransport.com","[object Object]","[object Object]","AUTO_TRANSPORT_BROKER","FMCSA_MOTOR_VEHICLES_CARGO_REPORTED,ACTIVE_PROPERTY_BROKER_AUTHORITY,BROKER_BOND_OR_TRUST_REPORTED","","8d3fcdd6-9f00-4bb3-b960-ab5e74b9f5cb","1","2","1","1","AUTO_TRANSPORT_BROKER","true","true",""
"088d09fd-59c5-5aab-b515-8ee7430948c3","8d3fcdd6-9f00-4bb3-b960-ab5e74b9f5cb","3751387","A&C SMART TRANSPORT LLC","A&C SMART TRANSPORT","A&C SMART TRANSPORT","A","C","OK","NORMAN","4052333371","1","","true","Sun Aug 16 2026 17:20:50 GMT-0400 (Eastern Daylight Time)","management@acsmarttransport.com","[object Object]","[object Object]","AUTO_TRANSPORT_BROKER","FMCSA_MOTOR_VEHICLES_CARGO_REPORTED,ACTIVE_PROPERTY_BROKER_AUTHORITY,BROKER_BOND_OR_TRUST_REPORTED","","8d3fcdd6-9f00-4bb3-b960-ab5e74b9f5cb","1","1","1","1","AUTO_TRANSPORT_BROKER","true","true",""
"0ca6c27b-46ef-53ff-a929-a0c61c4ac158","8d3fcdd6-9f00-4bb3-b960-ab5e74b9f5cb","4343162","CROWNED FREIGHT LLC","","CROWNED FREIGHT LLC","A","A","FL","MIAMI","7867258080","0","0","true","Sun Aug 16 2026 17:20:24 GMT-0400 (Eastern Daylight Time)","leslie@crownedfreight.com","[object Object]","[object Object]","AUTO_TRANSPORT_BROKER","FMCSA_MOTOR_VEHICLES_CARGO_REPORTED,ACTIVE_PROPERTY_BROKER_AUTHORITY,BROKER_BOND_OR_TRUST_REPORTED","","8d3fcdd6-9f00-4bb3-b960-ab5e74b9f5cb","1","1","1","1","AUTO_TRANSPORT_BROKER","true","true",""
"0dd25bf5-9fb6-5714-b51f-679d7896745b","8d3fcdd6-9f00-4bb3-b960-ab5e74b9f5cb","2714977","MID VALLEY AUTO TRANSPORT INC","","MID VALLEY AUTO TRANSPORT INC","A","C","CA","BRENTWOOD","5105578312","5","5","true","Sun Aug 16 2026 17:03:59 GMT-0400 (Eastern Daylight Time)","midvalley_autotransport@aol.com","[object Object]","[object Object]","AUTO_TRANSPORT_BROKER","FMCSA_MOTOR_VEHICLES_CARGO_REPORTED,ACTIVE_PROPERTY_BROKER_AUTHORITY,BROKER_BOND_OR_TRUST_REPORTED","","8d3fcdd6-9f00-4bb3-b960-ab5e74b9f5cb","1","1","2","3","AUTO_TRANSPORT_BROKER","true","true",""
"0fc10d2b-afe6-5aa7-9c7e-5ce9e0cc0805","8d3fcdd6-9f00-4bb3-b960-ab5e74b9f5cb","3884383","REVOWAY","","REVOWAY","A","A","CA","ENCINO","14247386929","0","","true","Sun Aug 16 2026 17:00:53 GMT-0400 (Eastern Daylight Time)","info@revoway.com","[object Object]","[object Object]","AUTO_TRANSPORT_BROKER","FMCSA_MOTOR_VEHICLES_CARGO_REPORTED,ACTIVE_PROPERTY_BROKER_AUTHORITY,BROKER_BOND_OR_TRUST_REPORTED","","8d3fcdd6-9f00-4bb3-b960-ab5e74b9f5cb","1","2","1","2","AUTO_TRANSPORT_BROKER","true","true",""
"10eddd1f-5a3d-5c25-8aaf-81ef2f7dc32b","8d3fcdd6-9f00-4bb3-b960-ab5e74b9f5cb","3315768","EAGLEPOINT EXPRESS LLC","","EAGLEPOINT EXPRESS LLC","A","A","OH","NORWALK","4196565193","1","1","true","Sun Aug 16 2026 17:00:25 GMT-0400 (Eastern Daylight Time)","herriott1999@gmail.com","[object Object]","[object Object]","AUTO_TRANSPORT_BROKER","FMCSA_MOTOR_VEHICLES_CARGO_REPORTED,ACTIVE_PROPERTY_BROKER_AUTHORITY,BROKER_BOND_OR_TRUST_REPORTED","","8d3fcdd6-9f00-4bb3-b960-ab5e74b9f5cb","1","1","1","1","AUTO_TRANSPORT_BROKER","true","true",""
"11cc7b5e-393b-5acb-8351-c0e5a49aff26","8d3fcdd6-9f00-4bb3-b960-ab5e74b9f5cb","1065561","UNIMARK TRUCK TRANSPORT LLC","","UNIMARK TRUCK TRANSPORT LLC","A","A","WI","PLEASANT PRAIRIE","2625647282","66","66","true","Sun Aug 16 2026 16:57:47 GMT-0400 (Eastern Daylight Time)","compliance@atctransportation.com","[object Object]","[object Object]","AUTO_TRANSPORT_BROKER","FMCSA_MOTOR_VEHICLES_CARGO_REPORTED,ACTIVE_PROPERTY_BROKER_AUTHORITY,BROKER_BOND_OR_TRUST_REPORTED","","8d3fcdd6-9f00-4bb3-b960-ab5e74b9f5cb","2","2","3","1","AUTO_TRANSPORT_BROKER","true","true",""
"122261af-c43f-5b19-9504-b875e728ae84","8d3fcdd6-9f00-4bb3-b960-ab5e74b9f5cb","4492869","ND TRANSLINK LLC","","ND TRANSLINK LLC","A","A","PA","MONACA","16315309414","0","","true","Sun Aug 16 2026 17:01:16 GMT-0400 (Eastern Daylight Time)","salome.gujejiani@gmail.com","[object Object]","[object Object]","AUTO_TRANSPORT_BROKER","FMCSA_MOTOR_VEHICLES_CARGO_REPORTED,ACTIVE_PROPERTY_BROKER_AUTHORITY,BROKER_BOND_OR_TRUST_REPORTED","","8d3fcdd6-9f00-4bb3-b960-ab5e74b9f5cb","1","1","1","1","AUTO_TRANSPORT_BROKER","true","true",""
"18001b46-15f3-5c3a-aea3-716c42983b3d","8d3fcdd6-9f00-4bb3-b960-ab5e74b9f5cb","3288348","MOUNTAIN TRADING & MERCANTILE LTD","","MOUNTAIN TRADING & MERCANTILE LTD","A","C","CO","LA VETA","7196807635","0","","true","Sun Aug 16 2026 17:18:21 GMT-0400 (Eastern Daylight Time)","info@mountaintradinglimited.com","[object Object]","[object Object]","AUTO_TRANSPORT_BROKER","FMCSA_MOTOR_VEHICLES_CARGO_REPORTED,ACTIVE_PROPERTY_BROKER_AUTHORITY,BROKER_BOND_OR_TRUST_REPORTED","","8d3fcdd6-9f00-4bb3-b960-ab5e74b9f5cb","1","1","1","1","AUTO_TRANSPORT_BROKER","true","true",""
"186650b0-ef85-5a13-abca-696a80290cd2","8d3fcdd6-9f00-4bb3-b960-ab5e74b9f5cb","4444213","KINGDOM FAMILY BROKERAGE INCORPORATED","","KINGDOM FAMILY BROKERAGE INCORPORATED","A","A","TX","FORT WORTH","6822313575","0","","true","Sun Aug 16 2026 17:01:12 GMT-0400 (Eastern Daylight Time)","kfbrokerage@mail.com","[object Object]","[object Object]","AUTO_TRANSPORT_BROKER","FMCSA_MOTOR_VEHICLES_CARGO_REPORTED,ACTIVE_PROPERTY_BROKER_AUTHORITY,BROKER_BOND_OR_TRUST_REPORTED","","8d3fcdd6-9f00-4bb3-b960-ab5e74b9f5cb","1","1","1","1","AUTO_TRANSPORT_BROKER","true","true",""
"19ab85ee-cc72-5737-b4bb-345ab82bbf3b","8d3fcdd6-9f00-4bb3-b960-ab5e74b9f5cb","4323808","MALWA LOGISTICS INC","","MALWA LOGISTICS INC","A","A","NY","HAUPPAUGE","8886212019","0","","true","Sun Aug 16 2026 17:20:20 GMT-0400 (Eastern Daylight Time)","safety@gholiaglobal.com","[object Object]","[object Object]","AUTO_TRANSPORT_BROKER","FMCSA_MOTOR_VEHICLES_CARGO_REPORTED,ACTIVE_PROPERTY_BROKER_AUTHORITY,BROKER_BOND_OR_TRUST_REPORTED","","8d3fcdd6-9f00-4bb3-b960-ab5e74b9f5cb","1","1","1","1","AUTO_TRANSPORT_BROKER","true","true",""
"1a885660-44d0-5568-a9ce-ce543daefebb","8d3fcdd6-9f00-4bb3-b960-ab5e74b9f5cb","2236912","JMJ LOGISTICS INC","","JMJ LOGISTICS INC","A","A","AZ","YUMA","9283298504","21","20","true","Sun Aug 16 2026 16:59:53 GMT-0400 (Eastern Daylight Time)","dispatch@jmjtransport.com","[object Object]","[object Object]","AUTO_TRANSPORT_BROKER","FMCSA_MOTOR_VEHICLES_CARGO_REPORTED,ACTIVE_PROPERTY_BROKER_AUTHORITY,BROKER_BOND_OR_TRUST_REPORTED","","8d3fcdd6-9f00-4bb3-b960-ab5e74b9f5cb","2","3","1","1","AUTO_TRANSPORT_BROKER","true","true",""
"1b7466bb-900a-5258-8441-06fff1e151cc","8d3fcdd6-9f00-4bb3-b960-ab5e74b9f5cb","4006936","FREIGHTREP LLC","","FREIGHTREP LLC","A","A","GA","LAWRENCEVILLE","4047175385","0","","true","Sun Aug 16 2026 17:21:12 GMT-0400 (Eastern Daylight Time)","admin@freightreponline.com","[object Object]","[object Object]","AUTO_TRANSPORT_BROKER","FMCSA_MOTOR_VEHICLES_CARGO_REPORTED,ACTIVE_PROPERTY_BROKER_AUTHORITY,BROKER_BOND_OR_TRUST_REPORTED","","8d3fcdd6-9f00-4bb3-b960-ab5e74b9f5cb","1","1","1","1","AUTO_TRANSPORT_BROKER","true","true",""
"1d808d65-1c0d-570d-8ee7-96f8b49d9fb2","8d3fcdd6-9f00-4bb3-b960-ab5e74b9f5cb","4333950","GENX AUTO TRANSPORT LLC","","GENX AUTO TRANSPORT LLC","A","C","CT","NEW HAVEN","14753362258","0","","true","Sun Aug 16 2026 17:20:22 GMT-0400 (Eastern Daylight Time)","haadi@genxautotransport.com","[object Object]","[object Object]","AUTO_TRANSPORT_BROKER","FMCSA_MOTOR_VEHICLES_CARGO_REPORTED,ACTIVE_PROPERTY_BROKER_AUTHORITY,BROKER_BOND_OR_TRUST_REPORTED","","8d3fcdd6-9f00-4bb3-b960-ab5e74b9f5cb","1","1","1","2","AUTO_TRANSPORT_BROKER","true","true",""
"1dd5c32f-fb8b-57e3-a507-2fd4aea4e529","8d3fcdd6-9f00-4bb3-b960-ab5e74b9f5cb","3769815","PERFORMANCE CAR TRAVEL LLC","","PERFORMANCE CAR TRAVEL LLC","A","C","IL","LIBERTYVILLE","8472204138","0","","true","Sun Aug 16 2026 17:03:32 GMT-0400 (Eastern Daylight Time)","shipments@viaconcours.com","[object Object]","[object Object]","AUTO_TRANSPORT_BROKER","FMCSA_MOTOR_VEHICLES_CARGO_REPORTED,ACTIVE_PROPERTY_BROKER_AUTHORITY,BROKER_BOND_OR_TRUST_REPORTED","","8d3fcdd6-9f00-4bb3-b960-ab5e74b9f5cb","2","2","1","1","AUTO_TRANSPORT_BROKER","true","true",""
"1e63d2b9-3a20-5e9b-943d-e5ad81b0966c","8d3fcdd6-9f00-4bb3-b960-ab5e74b9f5cb","81361","ACE DORAN LLC","ACE DORAN HAULING & RIGGING COMPANY","ACE DORAN HAULING & RIGGING COMPANY","A","A","OH","CINCINNATI","5136817900","146","163","true","Sun Aug 16 2026 17:18:53 GMT-0400 (Eastern Daylight Time)","bwarren@acedoran.com","[object Object]","[object Object]","AUTO_TRANSPORT_BROKER","FMCSA_MOTOR_VEHICLES_CARGO_REPORTED,ACTIVE_PROPERTY_BROKER_AUTHORITY,BROKER_BOND_OR_TRUST_REPORTED","","8d3fcdd6-9f00-4bb3-b960-ab5e74b9f5cb","2","2","2","1","AUTO_TRANSPORT_BROKER","true","true",""
"23810349-fca5-5973-9c5a-068fc31465db","8d3fcdd6-9f00-4bb3-b960-ab5e74b9f5cb","4421468","SOUTHWEST LOGISTICS LLC","","SOUTHWEST LOGISTICS LLC","A","A","CO","IGNACIO","9703359311","0","","true","Sun Aug 16 2026 17:22:13 GMT-0400 (Eastern Daylight Time)","southwestlogisticsco@gmail.com","[object Object]","[object Object]","AUTO_TRANSPORT_BROKER","FMCSA_MOTOR_VEHICLES_CARGO_REPORTED,ACTIVE_PROPERTY_BROKER_AUTHORITY,BROKER_BOND_OR_TRUST_REPORTED","","8d3fcdd6-9f00-4bb3-b960-ab5e74b9f5cb","1","1","1","1","AUTO_TRANSPORT_BROKER","true","true",""
"240dc2fa-282e-571c-a1ae-bdfc5866a114","8d3fcdd6-9f00-4bb3-b960-ab5e74b9f5cb","4572171","HELLO TRANSPORT LLC","","HELLO TRANSPORT LLC","A","A","MD","CATONSVILLE","14432201078","0","","true","Sun Aug 16 2026 17:17:51 GMT-0400 (Eastern Daylight Time)","hellotransport26@gmail.com","[object Object]","[object Object]","AUTO_TRANSPORT_BROKER","FMCSA_MOTOR_VEHICLES_CARGO_REPORTED,ACTIVE_PROPERTY_BROKER_AUTHORITY,BROKER_BOND_OR_TRUST_REPORTED","","8d3fcdd6-9f00-4bb3-b960-ab5e74b9f5cb","1","2","1","1","AUTO_TRANSPORT_BROKER","true","true",""
"27279df8-1109-5b7a-9f4c-2475dec50db0","8d3fcdd6-9f00-4bb3-b960-ab5e74b9f5cb","4164308","PREMIUM SOLUTIONS LLC","","PREMIUM SOLUTIONS LLC","A","A","IL","ROCKFORD","6192405688","0","","true","Sun Aug 16 2026 17:01:03 GMT-0400 (Eastern Daylight Time)","premiumsolutions32@gmail.com","[object Object]","[object Object]","AUTO_TRANSPORT_BROKER","FMCSA_MOTOR_VEHICLES_CARGO_REPORTED,ACTIVE_PROPERTY_BROKER_AUTHORITY,BROKER_BOND_OR_TRUST_REPORTED","","8d3fcdd6-9f00-4bb3-b960-ab5e74b9f5cb","1","1","1","1","AUTO_TRANSPORT_BROKER","true","true",""
"27ba2c52-7b6f-5e61-bb54-dde47827e31e","8d3fcdd6-9f00-4bb3-b960-ab5e74b9f5cb","2232364","PREMIER LOGISTICS LLC","HARBOR LOGISTICS","HARBOR LOGISTICS","A","C","SC","HANAHAN","8435547529","0","","true","Sun Aug 16 2026 16:59:53 GMT-0400 (Eastern Daylight Time)","tiffany.hopkins@harborlogistics.com","[object Object]","[object Object]","AUTO_TRANSPORT_BROKER","FMCSA_MOTOR_VEHICLES_CARGO_REPORTED,ACTIVE_PROPERTY_BROKER_AUTHORITY,BROKER_BOND_OR_TRUST_REPORTED","","8d3fcdd6-9f00-4bb3-b960-ab5e74b9f5cb","1","1","1","2","AUTO_TRANSPORT_BROKER","true","true",""
"27f5b83f-9f34-5161-a2ad-9ab7a1cf1140","8d3fcdd6-9f00-4bb3-b960-ab5e74b9f5cb","4566760","VP BROKERAGE FIRM LLC","","VP BROKERAGE FIRM LLC","A","A","NJ","ELIZABETH","9739658636","0","","true","Sun Aug 16 2026 17:17:51 GMT-0400 (Eastern Daylight Time)","admin@vpbrokeragefirm.com","[object Object]","[object Object]","AUTO_TRANSPORT_BROKER","FMCSA_MOTOR_VEHICLES_CARGO_REPORTED,ACTIVE_PROPERTY_BROKER_AUTHORITY,BROKER_BOND_OR_TRUST_REPORTED","","8d3fcdd6-9f00-4bb3-b960-ab5e74b9f5cb","1","1","1","2","AUTO_TRANSPORT_BROKER","true","true",""
"290b8d30-6da8-54ed-bfb6-a21f37f35e8a","8d3fcdd6-9f00-4bb3-b960-ab5e74b9f5cb","4549540","RED STAR LOGISTICS INC","","RED STAR LOGISTICS INC","A","A","IL","NORTHFIELD","3128485493","0","","true","Sun Aug 16 2026 17:17:46 GMT-0400 (Eastern Daylight Time)","julia@redstarfreight.com","[object Object]","[object Object]","AUTO_TRANSPORT_BROKER","FMCSA_MOTOR_VEHICLES_CARGO_REPORTED,ACTIVE_PROPERTY_BROKER_AUTHORITY,BROKER_BOND_OR_TRUST_REPORTED","","8d3fcdd6-9f00-4bb3-b960-ab5e74b9f5cb","1","1","1","1","AUTO_TRANSPORT_BROKER","true","true",""
"2aa2a177-f2c1-578b-9bdd-8c4e8ecee727","8d3fcdd6-9f00-4bb3-b960-ab5e74b9f5cb","3124544","AM FREIGHT OPERATIONS INC","ROADRUNNER AUTO TRANSPORT","ROADRUNNER AUTO TRANSPORT","A","C","NY","BETHPAGE","8887772123","0","","true","Sun Aug 16 2026 17:17:56 GMT-0400 (Eastern Daylight Time)","info@roadrunnerautotransport.com","[object Object]","[object Object]","AUTO_TRANSPORT_BROKER","FMCSA_MOTOR_VEHICLES_CARGO_REPORTED,ACTIVE_PROPERTY_BROKER_AUTHORITY,BROKER_BOND_OR_TRUST_REPORTED","","8d3fcdd6-9f00-4bb3-b960-ab5e74b9f5cb","1","1","1","1","AUTO_TRANSPORT_BROKER","true","true",""
"2c451e97-bec6-52ab-be7f-ff9c7de30fbe","8d3fcdd6-9f00-4bb3-b960-ab5e74b9f5cb","2222648","PEARCE WORLDWIDE LOGISTICS INC","","PEARCE WORLDWIDE LOGISTICS INC","A","C","TN","BRENTWOOD","6153766307","0","","true","Sun Aug 16 2026 16:59:53 GMT-0400 (Eastern Daylight Time)","kevin@pearceworldwide.com","[object Object]","[object Object]","AUTO_TRANSPORT_BROKER","FMCSA_MOTOR_VEHICLES_CARGO_REPORTED,ACTIVE_PROPERTY_BROKER_AUTHORITY,BROKER_BOND_OR_TRUST_REPORTED","","8d3fcdd6-9f00-4bb3-b960-ab5e74b9f5cb","1","1","1","1","AUTO_TRANSPORT_BROKER","true","true",""
"0047fd4c-134d-5e88-8b52-e5d4328f854e","8d3fcdd6-9f00-4bb3-b960-ab5e74b9f5cb","2944855","MIDDLE BAY TRANSPORTATION OF OHIO LLC","MIDDLE BAY TRANSPORTATION","MIDDLE BAY TRANSPORTATION","A","A","OH","CLEVELAND","4408958113","110","110","true","Sun Aug 16 2026 17:19:02 GMT-0400 (Eastern Daylight Time)","amy.jantz@worldgrouplogistics.com","[object Object]","[object Object]","AUTO_TRANSPORT_DUAL_ROLE","FMCSA_MOTOR_VEHICLES_CARGO_REPORTED,ACTIVE_PROPERTY_CARRIER_AUTHORITY,ACTIVE_PROPERTY_BROKER_AUTHORITY,BROKER_BOND_OR_TRUST_REPORTED","","8d3fcdd6-9f00-4bb3-b960-ab5e74b9f5cb","2","2","2","1","AUTO_TRANSPORT_DUAL_ROLE","true","true",""
"00cb38c4-894b-59db-8ea7-e50cc36322c7","8d3fcdd6-9f00-4bb3-b960-ab5e74b9f5cb","234","DOUG ANDRUS DISTRIBUTING LLC","","DOUG ANDRUS DISTRIBUTING LLC","A","A","ID","IDAHO FALLS","2085336700","255","255","true","Sun Aug 16 2026 17:18:47 GMT-0400 (Eastern Daylight Time)","nathan.chatriand@dougandrus.com","[object Object]","[object Object]","AUTO_TRANSPORT_DUAL_ROLE","FMCSA_MOTOR_VEHICLES_CARGO_REPORTED,ACTIVE_PROPERTY_CARRIER_AUTHORITY,ACTIVE_PROPERTY_BROKER_AUTHORITY,BROKER_BOND_OR_TRUST_REPORTED","","8d3fcdd6-9f00-4bb3-b960-ab5e74b9f5cb","2","2","2","1","AUTO_TRANSPORT_DUAL_ROLE","true","true",""
"076d40f9-7a49-574b-907f-f8fc0d456a27","8d3fcdd6-9f00-4bb3-b960-ab5e74b9f5cb","46713","DIAMOND TRANSPORTATION SYSTEM INC","","DIAMOND TRANSPORTATION SYSTEM INC","A","A","WI","RACINE","12625545400","59","61","true","Sun Aug 16 2026 17:18:47 GMT-0400 (Eastern Daylight Time)","rjcoca@diamondtrans.net","[object Object]","[object Object]","AUTO_TRANSPORT_DUAL_ROLE","FMCSA_MOTOR_VEHICLES_CARGO_REPORTED,ACTIVE_PROPERTY_CARRIER_AUTHORITY,ACTIVE_PROPERTY_BROKER_AUTHORITY,BROKER_BOND_OR_TRUST_REPORTED","","8d3fcdd6-9f00-4bb3-b960-ab5e74b9f5cb","3","4","3","1","AUTO_TRANSPORT_DUAL_ROLE","true","true",""
"0a1723c1-0330-5629-a1a3-7789f749a7b5","8d3fcdd6-9f00-4bb3-b960-ab5e74b9f5cb","2537155","THRIFTY AUTO SHIPPING INC","THRIFYAUTOSHIP COM","THRIFYAUTOSHIP COM","A","A","TX","WILMER","8447411221","1","1","true","Sun Aug 16 2026 17:00:04 GMT-0400 (Eastern Daylight Time)","admin@thriftyautoship.com","[object Object]","[object Object]","AUTO_TRANSPORT_DUAL_ROLE","FMCSA_MOTOR_VEHICLES_CARGO_REPORTED,ACTIVE_PROPERTY_CARRIER_AUTHORITY,ACTIVE_PROPERTY_BROKER_AUTHORITY,BROKER_BOND_OR_TRUST_REPORTED","","8d3fcdd6-9f00-4bb3-b960-ab5e74b9f5cb","2","3","2","1","AUTO_TRANSPORT_DUAL_ROLE","true","true",""
"0a8ae229-c317-571c-b6b4-226c43bc3ebe","8d3fcdd6-9f00-4bb3-b960-ab5e74b9f5cb","790261","URS MIDWEST LLC","UNITED ROAD AND PILOT TRANSPORT","UNITED ROAD AND PILOT TRANSPORT","A","A","MI","PLYMOUTH","7344632535","1306","1239","true","Sun Aug 16 2026 16:57:29 GMT-0400 (Eastern Daylight Time)","jcopeland@unitedroad.com","[object Object]","[object Object]","AUTO_TRANSPORT_DUAL_ROLE","FMCSA_MOTOR_VEHICLES_CARGO_REPORTED,ACTIVE_PROPERTY_CARRIER_AUTHORITY,ACTIVE_PROPERTY_BROKER_AUTHORITY,BROKER_BOND_OR_TRUST_REPORTED","","8d3fcdd6-9f00-4bb3-b960-ab5e74b9f5cb","2","2","3","1","AUTO_TRANSPORT_DUAL_ROLE","true","true",""
"0b6925f7-a882-5210-b696-7c734bfd859a","8d3fcdd6-9f00-4bb3-b960-ab5e74b9f5cb","854215","MIDWEST TRANSPORT SPECIALISTS INC","","MIDWEST TRANSPORT SPECIALISTS INC","A","A","KS","KANSAS CITY","9133333077","25","22","true","Sun Aug 16 2026 17:03:15 GMT-0400 (Eastern Daylight Time)","sbell@midwestts.com","[object Object]","[object Object]","AUTO_TRANSPORT_DUAL_ROLE","FMCSA_MOTOR_VEHICLES_CARGO_REPORTED,ACTIVE_PROPERTY_CARRIER_AUTHORITY,ACTIVE_PROPERTY_BROKER_AUTHORITY,BROKER_BOND_OR_TRUST_REPORTED","","8d3fcdd6-9f00-4bb3-b960-ab5e74b9f5cb","2","4","4","1","AUTO_TRANSPORT_DUAL_ROLE","true","true",""
"0cb64c14-e2f1-534d-98d3-aa41b538feb9","8d3fcdd6-9f00-4bb3-b960-ab5e74b9f5cb","1297747","PROFICIENT AUTO TRANSPORT INC","PROFLEET","PROFLEET","A","A","FL","JACKSONVILLE","9047721175","180","151","true","Sun Aug 16 2026 17:04:06 GMT-0400 (Eastern Daylight Time)","mcruz1@proautologistics.com","[object Object]","[object Object]","AUTO_TRANSPORT_DUAL_ROLE","FMCSA_MOTOR_VEHICLES_CARGO_REPORTED,ACTIVE_PROPERTY_CARRIER_AUTHORITY,ACTIVE_PROPERTY_BROKER_AUTHORITY,BROKER_BOND_OR_TRUST_REPORTED","","8d3fcdd6-9f00-4bb3-b960-ab5e74b9f5cb","2","2","2","1","AUTO_TRANSPORT_DUAL_ROLE","true","true",""
"0e2da08c-3f25-519a-b155-166c5667eb86","8d3fcdd6-9f00-4bb3-b960-ab5e74b9f5cb","827622","EW WYLIE LLC","EW WYLIE CORPORATION","EW WYLIE CORPORATION","A","A","ND","FARGO","7012777540","770","770","true","Sun Aug 16 2026 16:57:38 GMT-0400 (Eastern Daylight Time)","ewwylie@ewwylie.com","[object Object]","[object Object]","AUTO_TRANSPORT_DUAL_ROLE","FMCSA_MOTOR_VEHICLES_CARGO_REPORTED,ACTIVE_PROPERTY_CARRIER_AUTHORITY,ACTIVE_PROPERTY_BROKER_AUTHORITY,BROKER_BOND_OR_TRUST_REPORTED","","8d3fcdd6-9f00-4bb3-b960-ab5e74b9f5cb","3","4","5","1","AUTO_TRANSPORT_DUAL_ROLE","true","true",""
"10068736-d23d-5685-88f3-7c64a7ef9d32","8d3fcdd6-9f00-4bb3-b960-ab5e74b9f5cb","9163","SPC TRANSPORT CO","","SPC TRANSPORT CO","A","A","ME","AUBURN","12072400029","19","18","true","Sun Aug 16 2026 17:18:47 GMT-0400 (Eastern Daylight Time)","rgiguere@spctran.com","[object Object]","[object Object]","AUTO_TRANSPORT_DUAL_ROLE","FMCSA_MOTOR_VEHICLES_CARGO_REPORTED,ACTIVE_PROPERTY_CARRIER_AUTHORITY,ACTIVE_PROPERTY_BROKER_AUTHORITY,BROKER_BOND_OR_TRUST_REPORTED","","8d3fcdd6-9f00-4bb3-b960-ab5e74b9f5cb","2","2","2","1","AUTO_TRANSPORT_DUAL_ROLE","true","true",""
"15f036f1-086b-59e6-94e1-e90a580d9e3e","8d3fcdd6-9f00-4bb3-b960-ab5e74b9f5cb","2643294","HELPFUL LOGISTICS LLC","","HELPFUL LOGISTICS LLC","A","A","GA","MARIETTA","4043964780","1","1","true","Sun Aug 16 2026 17:03:32 GMT-0400 (Eastern Daylight Time)","helpfullogisticsllc@gmail.com","[object Object]","[object Object]","AUTO_TRANSPORT_DUAL_ROLE","FMCSA_MOTOR_VEHICLES_CARGO_REPORTED,ACTIVE_PROPERTY_CARRIER_AUTHORITY,ACTIVE_PROPERTY_BROKER_AUTHORITY,BROKER_BOND_OR_TRUST_REPORTED","","8d3fcdd6-9f00-4bb3-b960-ab5e74b9f5cb","2","2","3","1","AUTO_TRANSPORT_DUAL_ROLE","true","true",""
"6f90d05f-b532-5152-afc6-702159be6496","8d3fcdd6-9f00-4bb3-b960-ab5e74b9f5cb","3079966","MORERA TRANSPORT INC","","MORERA TRANSPORT INC","I","B","FL","MIAMI","3054096351","1","1","true","Sun Aug 16 2026 17:00:19 GMT-0400 (Eastern Daylight Time)","interstatecarrierservice@yahoo.com","[object Object]","[object Object]","AUTO_TRANSPORT_INACTIVE","FMCSA_MOTOR_VEHICLES_CARGO_REPORTED,INACTIVE_USDOT","","8d3fcdd6-9f00-4bb3-b960-ab5e74b9f5cb","0","0","0","0","AUTO_TRANSPORT_INACTIVE","true","true",""
"12534866-88ed-5604-a65a-b8cb0df196aa","8d3fcdd6-9f00-4bb3-b960-ab5e74b9f5cb","3079969","ALL STATES TOWING AND TRANSPORTATION INC","","ALL STATES TOWING AND TRANSPORTATION INC","I","A","MI","WARREN","5867099894","1","1","true","Sun Aug 16 2026 17:00:19 GMT-0400 (Eastern Daylight Time)","SIMONSKHRIA@GMAIL.COM","[object Object]","[object Object]","AUTO_TRANSPORT_INACTIVE","FMCSA_MOTOR_VEHICLES_CARGO_REPORTED,INACTIVE_USDOT","","8d3fcdd6-9f00-4bb3-b960-ab5e74b9f5cb","0","0","0","1","AUTO_TRANSPORT_INACTIVE","true","true",""
"69ac07a0-59be-5e03-9a87-b31ea99480bf","8d3fcdd6-9f00-4bb3-b960-ab5e74b9f5cb","3079984","M&W TRANSPORT LLC","","M&W TRANSPORT LLC","I","A","AL","BAY MINETTE","2516233440","2","1","true","Sun Aug 16 2026 17:00:19 GMT-0400 (Eastern Daylight Time)","fredrickmix@gmail.com","[object Object]","[object Object]","AUTO_TRANSPORT_INACTIVE","FMCSA_MOTOR_VEHICLES_CARGO_REPORTED,INACTIVE_USDOT","","8d3fcdd6-9f00-4bb3-b960-ab5e74b9f5cb","0","0","0","1","AUTO_TRANSPORT_INACTIVE","true","true",""
"fd9d3ad8-0f5c-5fb4-aba8-7bb402ed6193","8d3fcdd6-9f00-4bb3-b960-ab5e74b9f5cb","3080019","DNC TRANSPORT LLC","","DNC TRANSPORT LLC","I","A","TX","WHITNEY","2145319049","1","1","true","Sun Aug 16 2026 17:00:19 GMT-0400 (Eastern Daylight Time)","DNCTRANSPORTTX@GMAIL.COM","[object Object]","[object Object]","AUTO_TRANSPORT_INACTIVE","FMCSA_MOTOR_VEHICLES_CARGO_REPORTED,INACTIVE_USDOT","","8d3fcdd6-9f00-4bb3-b960-ab5e74b9f5cb","0","0","0","1","AUTO_TRANSPORT_INACTIVE","true","true",""
"82f4abd0-f338-56c2-b1df-79254cdd1a71","8d3fcdd6-9f00-4bb3-b960-ab5e74b9f5cb","3080037","SAK FARMS","","SAK FARMS","I","A","TN","DUCK RIVER","9319949159","1","2","true","Sun Aug 16 2026 17:00:19 GMT-0400 (Eastern Daylight Time)","ANGIESOS72@YAHOO.COM","[object Object]","[object Object]","AUTO_TRANSPORT_INACTIVE","FMCSA_MOTOR_VEHICLES_CARGO_REPORTED,INACTIVE_USDOT","","8d3fcdd6-9f00-4bb3-b960-ab5e74b9f5cb","0","0","0","0","AUTO_TRANSPORT_INACTIVE","true","true",""
"d22da003-767c-5bde-a88e-33b6c6506117","8d3fcdd6-9f00-4bb3-b960-ab5e74b9f5cb","3080114","A PLUS AUTO ALMIRA INC","","A PLUS AUTO ALMIRA INC","I","C","WA","WILBUR","5096472206","1","1","true","Sun Aug 16 2026 17:00:19 GMT-0400 (Eastern Daylight Time)","VBOUTAIN@YAHOO.COM","[object Object]","[object Object]","AUTO_TRANSPORT_INACTIVE","FMCSA_MOTOR_VEHICLES_CARGO_REPORTED,INACTIVE_USDOT","","8d3fcdd6-9f00-4bb3-b960-ab5e74b9f5cb","0","0","0","1","AUTO_TRANSPORT_INACTIVE","true","true",""
"7e742ea6-5873-51cc-a378-d40a628ccbda","8d3fcdd6-9f00-4bb3-b960-ab5e74b9f5cb","3080129","SBJ WORLDWIDE LLC","","SBJ WORLDWIDE LLC","I","A","FL","PALATKA","9042066684","1","1","true","Sun Aug 16 2026 17:00:19 GMT-0400 (Eastern Daylight Time)","SBJWORLDWIDE@GMAIL.COM","[object Object]","[object Object]","AUTO_TRANSPORT_INACTIVE","FMCSA_MOTOR_VEHICLES_CARGO_REPORTED,INACTIVE_USDOT","","8d3fcdd6-9f00-4bb3-b960-ab5e74b9f5cb","0","0","0","0","AUTO_TRANSPORT_INACTIVE","true","true",""
"0f0738db-5785-50f5-bb33-df7c0f7dcc1d","8d3fcdd6-9f00-4bb3-b960-ab5e74b9f5cb","3080144","MARTIN AUTO ELECTRIQUE ENRG","","MARTIN AUTO ELECTRIQUE ENRG","I","A","QC","BEDFORD","4502483679","1","1","true","Sun Aug 16 2026 17:00:19 GMT-0400 (Eastern Daylight Time)","ROBERTMARTIN2004@HOTMAIL.COM","[object Object]","[object Object]","AUTO_TRANSPORT_INACTIVE","FMCSA_MOTOR_VEHICLES_CARGO_REPORTED,INACTIVE_USDOT","","8d3fcdd6-9f00-4bb3-b960-ab5e74b9f5cb","0","0","0","1","AUTO_TRANSPORT_INACTIVE","true","true",""
"acf2961a-ff37-54dc-ae6e-80562cb1a4b0","8d3fcdd6-9f00-4bb3-b960-ab5e74b9f5cb","3080169","SUPREME CARRIER LLC","TRANSPORT","TRANSPORT","I","A","FL","RIVERVIEW","8504082704","1","1","true","Sun Aug 16 2026 17:00:19 GMT-0400 (Eastern Daylight Time)","JMILLER.878306@GMAIL.COM","[object Object]","[object Object]","AUTO_TRANSPORT_INACTIVE","FMCSA_MOTOR_VEHICLES_CARGO_REPORTED,INACTIVE_USDOT","","8d3fcdd6-9f00-4bb3-b960-ab5e74b9f5cb","0","0","0","1","AUTO_TRANSPORT_INACTIVE","true","true",""
"31f8b4c3-e305-5a98-bee5-67c508799cd6","8d3fcdd6-9f00-4bb3-b960-ab5e74b9f5cb","3080170","NNJ HOLDINGS LLC","GUARDIAN TRANSPORT SKS TRANSPORT","GUARDIAN TRANSPORT SKS TRANSPORT","I","A","GA","WATKINSVILLE","4044931058","1","1","true","Sun Aug 16 2026 17:00:19 GMT-0400 (Eastern Daylight Time)","scott.sauerbier@gmail.com","[object Object]","[object Object]","AUTO_TRANSPORT_INACTIVE","FMCSA_MOTOR_VEHICLES_CARGO_REPORTED,INACTIVE_USDOT","","8d3fcdd6-9f00-4bb3-b960-ab5e74b9f5cb","0","0","0","1","AUTO_TRANSPORT_INACTIVE","true","true",""
"5ed9b51e-72d1-553b-ab0b-d0e321ebc638","8d3fcdd6-9f00-4bb3-b960-ab5e74b9f5cb","3079943","FLAG TRANSPORTATION SERVICES INC","","FLAG TRANSPORTATION SERVICES INC","A","A","OH","CLEVELAND","9296343823","1","1","true","Sun Aug 16 2026 17:00:19 GMT-0400 (Eastern Daylight Time)","FLAGTRANSPORTATIONSERVICES@GMAIL.COM","[object Object]","[object Object]","AUTO_TRANSPORT_REVIEW","FMCSA_MOTOR_VEHICLES_CARGO_REPORTED,NO_CURRENT_PROPERTY_AUTHORITY","","8d3fcdd6-9f00-4bb3-b960-ab5e74b9f5cb","0","0","0","2","AUTO_TRANSPORT_REVIEW","true","true",""
"e9dfda71-7db0-5978-a615-609062fd8c3f","8d3fcdd6-9f00-4bb3-b960-ab5e74b9f5cb","3079960","GLOBAL FREIGHT EXPRESS LLC","","GLOBAL FREIGHT EXPRESS LLC","A","","VA","FORT BELVOIR","8884351415","0","","true","Sun Aug 16 2026 17:00:19 GMT-0400 (Eastern Daylight Time)","FREIGHT@GFEBROKER.COM","[object Object]","[object Object]","AUTO_TRANSPORT_REVIEW","FMCSA_MOTOR_VEHICLES_CARGO_REPORTED,NO_CURRENT_PROPERTY_AUTHORITY","","8d3fcdd6-9f00-4bb3-b960-ab5e74b9f5cb","0","0","0","1","AUTO_TRANSPORT_REVIEW","true","true",""
"b671fffb-edd7-561d-b833-113ee07440a6","8d3fcdd6-9f00-4bb3-b960-ab5e74b9f5cb","3079963","P AND B AUTO SALES AND SERVICE LLC","","P AND B AUTO SALES AND SERVICE LLC","A","C","WI","CASCADE","9209809585","1","4","true","Sun Aug 16 2026 17:00:19 GMT-0400 (Eastern Daylight Time)","PANDBAUTOSALES@GMAIL.COM","[object Object]","[object Object]","AUTO_TRANSPORT_REVIEW","FMCSA_MOTOR_VEHICLES_CARGO_REPORTED,NO_CURRENT_PROPERTY_AUTHORITY","","8d3fcdd6-9f00-4bb3-b960-ab5e74b9f5cb","0","0","0","0","AUTO_TRANSPORT_REVIEW","true","true",""
"0852bdfd-c8ed-5ddc-bd8c-9a616ee15780","8d3fcdd6-9f00-4bb3-b960-ab5e74b9f5cb","3080008","STATES TRUCKING INC","","STATES TRUCKING INC","A","A","ND","BISBEE","7012308780","1","1","true","Sun Aug 16 2026 17:00:19 GMT-0400 (Eastern Daylight Time)","TODDSTATES@OUTLOOK.COM","[object Object]","[object Object]","AUTO_TRANSPORT_REVIEW","FMCSA_MOTOR_VEHICLES_CARGO_REPORTED,NO_CURRENT_PROPERTY_AUTHORITY","","8d3fcdd6-9f00-4bb3-b960-ab5e74b9f5cb","0","0","0","1","AUTO_TRANSPORT_REVIEW","true","true",""
"e4f24935-1d13-5864-be00-1d9d25f89419","8d3fcdd6-9f00-4bb3-b960-ab5e74b9f5cb","3080033","XTREME TOWING & RECOVERY","","XTREME TOWING & RECOVERY","A","C","AL","CALERA","2056907400","0","10","true","Sun Aug 16 2026 17:00:19 GMT-0400 (Eastern Daylight Time)","EMERGENCYROADSIDELLC@GMAIL.COM","[object Object]","[object Object]","AUTO_TRANSPORT_REVIEW","FMCSA_MOTOR_VEHICLES_CARGO_REPORTED,NO_CURRENT_PROPERTY_AUTHORITY","","8d3fcdd6-9f00-4bb3-b960-ab5e74b9f5cb","0","0","0","0","AUTO_TRANSPORT_REVIEW","true","true",""
"00dd9796-5879-5174-8eee-022fc1c5463a","8d3fcdd6-9f00-4bb3-b960-ab5e74b9f5cb","3080080","HEDRICKS TOWING AND RECOVERY LLC","","HEDRICKS TOWING AND RECOVERY LLC","A","B","IN","INDIANAPOLIS","3179382213","1","1","true","Sun Aug 16 2026 17:00:19 GMT-0400 (Eastern Daylight Time)","HENDRICKSTOWINGLLC@GMAIL.COM","[object Object]","[object Object]","AUTO_TRANSPORT_REVIEW","FMCSA_MOTOR_VEHICLES_CARGO_REPORTED,NO_CURRENT_PROPERTY_AUTHORITY","","8d3fcdd6-9f00-4bb3-b960-ab5e74b9f5cb","0","0","0","0","AUTO_TRANSPORT_REVIEW","true","true",""
"98096cab-f2ae-5864-af16-37bf90f26420","8d3fcdd6-9f00-4bb3-b960-ab5e74b9f5cb","3080082","RIOS EXPRESS TRANSPORT","","RIOS EXPRESS TRANSPORT","A","B","NV","HENDERSON","7025701978","1","3","true","Sun Aug 16 2026 17:00:19 GMT-0400 (Eastern Daylight Time)","MR.DRIOS@YAHOO.COM","[object Object]","[object Object]","AUTO_TRANSPORT_REVIEW","FMCSA_MOTOR_VEHICLES_CARGO_REPORTED,NO_CURRENT_PROPERTY_AUTHORITY","","8d3fcdd6-9f00-4bb3-b960-ab5e74b9f5cb","0","0","0","0","AUTO_TRANSPORT_REVIEW","true","true",""
"98746b3e-256f-5a6a-bd66-9b2e308f450c","8d3fcdd6-9f00-4bb3-b960-ab5e74b9f5cb","3080099","CASH FOR CARS","JOHN DUBECKY","JOHN DUBECKY","A","B","IN","INDIANAPOLIS","3172002000","0","1","true","Sun Aug 16 2026 17:00:19 GMT-0400 (Eastern Daylight Time)","JDUBECKY31@GMAIL.COM","[object Object]","[object Object]","AUTO_TRANSPORT_REVIEW","FMCSA_MOTOR_VEHICLES_CARGO_REPORTED,NO_CURRENT_PROPERTY_AUTHORITY","","8d3fcdd6-9f00-4bb3-b960-ab5e74b9f5cb","0","0","0","0","AUTO_TRANSPORT_REVIEW","true","true",""
"14aca7f2-cd95-54f4-9ccb-38863cd2c999","8d3fcdd6-9f00-4bb3-b960-ab5e74b9f5cb","3080108","ANGUIANO TRANSPORT LLC","","ANGUIANO TRANSPORT LLC","A","C","CA","BAKERSFIELD","16612466578","1","1","true","Sun Aug 16 2026 17:00:19 GMT-0400 (Eastern Daylight Time)","miguel3@gmail.com","[object Object]","[object Object]","AUTO_TRANSPORT_REVIEW","FMCSA_MOTOR_VEHICLES_CARGO_REPORTED,NO_CURRENT_PROPERTY_AUTHORITY","","8d3fcdd6-9f00-4bb3-b960-ab5e74b9f5cb","0","0","0","0","AUTO_TRANSPORT_REVIEW","true","true",""
"4f74886d-7ae3-585b-9e2d-08664a5728cf","8d3fcdd6-9f00-4bb3-b960-ab5e74b9f5cb","3080126","BROOMALL TRUCK & AUTO REPAIR","","BROOMALL TRUCK & AUTO REPAIR","A","C","PA","ASTON","6104944457","2","2","true","Sun Aug 16 2026 17:00:19 GMT-0400 (Eastern Daylight Time)","BROOMALLS@VERIZON.NET","[object Object]","[object Object]","AUTO_TRANSPORT_REVIEW","FMCSA_MOTOR_VEHICLES_CARGO_REPORTED,NO_CURRENT_PROPERTY_AUTHORITY","","8d3fcdd6-9f00-4bb3-b960-ab5e74b9f5cb","0","0","0","0","AUTO_TRANSPORT_REVIEW","true","true",""
"15cedbdb-9887-59bc-928b-8733a1b66191","8d3fcdd6-9f00-4bb3-b960-ab5e74b9f5cb","3080185","TECHNICAL AUTOMOTIVE LLC","","TECHNICAL AUTOMOTIVE LLC","A","B","PA","PHILADELPHIA","8128794153","1","2","true","Sun Aug 16 2026 17:00:19 GMT-0400 (Eastern Daylight Time)","TECHNICALDIAG@GMAIL.COM","[object Object]","[object Object]","AUTO_TRANSPORT_REVIEW","FMCSA_MOTOR_VEHICLES_CARGO_REPORTED,NO_CURRENT_PROPERTY_AUTHORITY","","8d3fcdd6-9f00-4bb3-b960-ab5e74b9f5cb","0","0","0","0","AUTO_TRANSPORT_REVIEW","true","true",""
"99e64ec3-b458-5137-8de6-6389daf920d1","8d3fcdd6-9f00-4bb3-b960-ab5e74b9f5cb","3080193","MGG TRANSPORT & TOWING INC","","MGG TRANSPORT & TOWING INC","A","C","CA","JURUPA VALLEY","9093497978","2","2","true","Sun Aug 16 2026 17:00:19 GMT-0400 (Eastern Daylight Time)","MGARCIA1212@gmail.com","[object Object]","[object Object]","AUTO_TRANSPORT_REVIEW","FMCSA_MOTOR_VEHICLES_CARGO_REPORTED,NO_CURRENT_PROPERTY_AUTHORITY","","8d3fcdd6-9f00-4bb3-b960-ab5e74b9f5cb","0","0","0","0","AUTO_TRANSPORT_REVIEW","true","true",""
"74f483a8-eff4-517a-811d-48434467bad1","8d3fcdd6-9f00-4bb3-b960-ab5e74b9f5cb","3080215","DAVID VAYZER","RED STAR EXPRESS","RED STAR EXPRESS","A","A","UT","SALT LAKE CITY","8016544072","1","1","true","Sun Aug 16 2026 17:00:19 GMT-0400 (Eastern Daylight Time)","RED.STAR.EX1@GMAIL.COM","[object Object]","[object Object]","AUTO_TRANSPORT_REVIEW","FMCSA_MOTOR_VEHICLES_CARGO_REPORTED,NO_CURRENT_PROPERTY_AUTHORITY","","8d3fcdd6-9f00-4bb3-b960-ab5e74b9f5cb","0","0","0","1","AUTO_TRANSPORT_REVIEW","true","true",""
"9de3ae6e-5497-5ff1-93a1-568c24c51e09","8d3fcdd6-9f00-4bb3-b960-ab5e74b9f5cb","3080222","LUCKYS ROADSIDE TOWING LLC","","LUCKYS ROADSIDE TOWING LLC","A","C","MO","ST CHARLES","3147501235","1","1","true","Sun Aug 16 2026 17:00:19 GMT-0400 (Eastern Daylight Time)","walterlwalls@gmail.com","[object Object]","[object Object]","AUTO_TRANSPORT_REVIEW","FMCSA_MOTOR_VEHICLES_CARGO_REPORTED,NO_CURRENT_PROPERTY_AUTHORITY","","8d3fcdd6-9f00-4bb3-b960-ab5e74b9f5cb","0","0","0","1","AUTO_TRANSPORT_REVIEW","true","true",""
"ccbdd1d5-6474-5c99-9590-0fd80c909370","8d3fcdd6-9f00-4bb3-b960-ab5e74b9f5cb","3080223","NIRAN GLOBAL GROUP","NGG TRANSPORT","NGG TRANSPORT","A","C","TX","AMARILLO","8063707408","1","4","true","Sun Aug 16 2026 17:00:19 GMT-0400 (Eastern Daylight Time)","NIRANGLOBALGROUP@GMAIL.COM","[object Object]","[object Object]","AUTO_TRANSPORT_REVIEW","FMCSA_MOTOR_VEHICLES_CARGO_REPORTED,NO_CURRENT_PROPERTY_AUTHORITY","","8d3fcdd6-9f00-4bb3-b960-ab5e74b9f5cb","0","0","0","0","AUTO_TRANSPORT_REVIEW","true","true",""
"af6bf2f5-dbb9-5403-ac06-63b845c8825d","8d3fcdd6-9f00-4bb3-b960-ab5e74b9f5cb","3080224","GERMAN RUBIO","RUBIO TOWING LLC","RUBIO TOWING LLC","A","C","CA","ARLETA","8189135960","1","1","true","Sun Aug 16 2026 17:00:19 GMT-0400 (Eastern Daylight Time)","GERMANRUBIO@YAHOO.COM","[object Object]","[object Object]","AUTO_TRANSPORT_REVIEW","FMCSA_MOTOR_VEHICLES_CARGO_REPORTED,NO_CURRENT_PROPERTY_AUTHORITY","","8d3fcdd6-9f00-4bb3-b960-ab5e74b9f5cb","0","0","0","0","AUTO_TRANSPORT_REVIEW","true","true",""
"0bf884b2-f126-51c9-805a-b0a8286d5ca6","8d3fcdd6-9f00-4bb3-b960-ab5e74b9f5cb","3080271","SCOTT BLACKWELL","BLACKWELL REPAIR & WRECKER SERVICE","BLACKWELL REPAIR & WRECKER SERVICE","A","C","TN","FAYETTEVILLE","9319933016","3","3","true","Sun Aug 16 2026 17:00:19 GMT-0400 (Eastern Daylight Time)","lynnanddawn@yahoo.com","[object Object]","[object Object]","AUTO_TRANSPORT_REVIEW","FMCSA_MOTOR_VEHICLES_CARGO_REPORTED,NO_CURRENT_PROPERTY_AUTHORITY","","8d3fcdd6-9f00-4bb3-b960-ab5e74b9f5cb","0","0","0","1","AUTO_TRANSPORT_REVIEW","true","true",""
"88cfe915-e312-5f8b-a0c8-e27bcb047a96","8d3fcdd6-9f00-4bb3-b960-ab5e74b9f5cb","3080280","AUTOSMITH TRANSPORT","","AUTOSMITH TRANSPORT","A","C","CA","LAKE ELSINORE","9515673957","1","1","true","Sun Aug 16 2026 17:00:19 GMT-0400 (Eastern Daylight Time)","Autosmith24@outlook.com","[object Object]","[object Object]","AUTO_TRANSPORT_REVIEW","FMCSA_MOTOR_VEHICLES_CARGO_REPORTED,NO_CURRENT_PROPERTY_AUTHORITY","","8d3fcdd6-9f00-4bb3-b960-ab5e74b9f5cb","0","0","0","0","AUTO_TRANSPORT_REVIEW","true","true",""
"73ea0f2f-70d2-59d3-b5ef-3eecf211aa55","8d3fcdd6-9f00-4bb3-b960-ab5e74b9f5cb","3080293","TJ'S AUTO TRANSPORT LLC","","TJ'S AUTO TRANSPORT LLC","A","A","CA","VACAVILLE","7073420989","1","1","true","Sun Aug 16 2026 17:00:19 GMT-0400 (Eastern Daylight Time)","tjsautotransportllc@gmail.com","[object Object]","[object Object]","AUTO_TRANSPORT_REVIEW","FMCSA_MOTOR_VEHICLES_CARGO_REPORTED,NO_CURRENT_PROPERTY_AUTHORITY","","8d3fcdd6-9f00-4bb3-b960-ab5e74b9f5cb","0","0","0","2","AUTO_TRANSPORT_REVIEW","true","true",""
"fb1588c8-85d2-5a8b-8453-0ee54d0b2b3e","8d3fcdd6-9f00-4bb3-b960-ab5e74b9f5cb","3080307","MARK Y EXPRESS LLC","","MARK Y EXPRESS LLC","A","A","SC","BOILING SPRINGS","8648070196","1","1","true","Sun Aug 16 2026 17:00:19 GMT-0400 (Eastern Daylight Time)","Y.BOYKO07@GMAIL.COM","[object Object]","[object Object]","AUTO_TRANSPORT_REVIEW","FMCSA_MOTOR_VEHICLES_CARGO_REPORTED,NO_CURRENT_PROPERTY_AUTHORITY","","8d3fcdd6-9f00-4bb3-b960-ab5e74b9f5cb","0","0","0","1","AUTO_TRANSPORT_REVIEW","true","true",""
"c0c953b1-079c-51e4-ae16-7ed293e516a3","8d3fcdd6-9f00-4bb3-b960-ab5e74b9f5cb","245718","DALTON TRUCKING INC","","DALTON TRUCKING INC","A","A","CA","FONTANA","9098230663","44","43","true","Sun Aug 16 2026 16:56:53 GMT-0400 (Eastern Daylight Time)","bkeough@daltontrucking.com","[object Object]","[object Object]","AUTO_TRANSPORT_CARRIER","FMCSA_MOTOR_VEHICLES_CARGO_REPORTED,ACTIVE_PROPERTY_CARRIER_AUTHORITY","","8d3fcdd6-9f00-4bb3-b960-ab5e74b9f5cb","2","2","2","1","HHG_AUTO_OVERLAP","true","true","NEEDS_REGULATORY_REVIEW"
"e1301301-551c-5e4f-90c1-a73c3dfd09b5","8d3fcdd6-9f00-4bb3-b960-ab5e74b9f5cb","245786","HOWARD MICHAEL JONES","MIKE JONES TRUCKING","MIKE JONES TRUCKING","A","C","LA","BENTON","3183265675","1","1","true","Sun Aug 16 2026 16:56:53 GMT-0400 (Eastern Daylight Time)","","[object Object]","[object Object]","AUTO_TRANSPORT_CARRIER","FMCSA_MOTOR_VEHICLES_CARGO_REPORTED,ACTIVE_PROPERTY_CARRIER_AUTHORITY","","8d3fcdd6-9f00-4bb3-b960-ab5e74b9f5cb","1","1","1","1","HHG_AUTO_OVERLAP","true","true","NEEDS_REGULATORY_REVIEW"
"f5e8ecd7-b075-5f81-8d24-ae9bb8207cda","8d3fcdd6-9f00-4bb3-b960-ab5e74b9f5cb","247162","SUPREME CARRIERS INC","","SUPREME CARRIERS INC","A","A","NE","SOUTH SIOUX CITY","4024942025","3","4","true","Sun Aug 16 2026 16:56:53 GMT-0400 (Eastern Daylight Time)","accounting@supremecarriers.com","[object Object]","[object Object]","AUTO_TRANSPORT_REVIEW","FMCSA_MOTOR_VEHICLES_CARGO_REPORTED,HISTORICAL_OR_NONCURRENT_PROPERTY_ROLE","","8d3fcdd6-9f00-4bb3-b960-ab5e74b9f5cb","1","1","2","2","HHG_AUTO_OVERLAP","true","true","LOCAL_INTRASTATE_CARRIER_CANDIDATE"
"7f8bc063-ac6b-56fa-b2e4-0ad62272f105","8d3fcdd6-9f00-4bb3-b960-ab5e74b9f5cb","247765","CHALLENGER MOTOR FREIGHT INC","","CHALLENGER MOTOR FREIGHT INC","A","A","ON","CAMBRIDGE","5196539770","833","831","true","Sun Aug 16 2026 16:56:53 GMT-0400 (Eastern Daylight Time)","SAfetymgmt@challenger.com","[object Object]","[object Object]","AUTO_TRANSPORT_DUAL_ROLE","FMCSA_MOTOR_VEHICLES_CARGO_REPORTED,ACTIVE_PROPERTY_CARRIER_AUTHORITY,ACTIVE_PROPERTY_BROKER_AUTHORITY,BROKER_BOND_OR_TRUST_REPORTED","","8d3fcdd6-9f00-4bb3-b960-ab5e74b9f5cb","2","2","2","2","HHG_AUTO_OVERLAP","true","true","LOCAL_INTRASTATE_CARRIER_CANDIDATE"
"8b926995-84ab-53a5-a730-d15203d9bfb2","8d3fcdd6-9f00-4bb3-b960-ab5e74b9f5cb","248505","KEANE THUMMEL TRUCKING INC","","KEANE THUMMEL TRUCKING INC","A","A","IA","NEW MARKET","7125853266","190","185","true","Sun Aug 16 2026 16:56:53 GMT-0400 (Eastern Daylight Time)","hr@kttinc.com","[object Object]","[object Object]","AUTO_TRANSPORT_DUAL_ROLE","FMCSA_MOTOR_VEHICLES_CARGO_REPORTED,ACTIVE_PROPERTY_CARRIER_AUTHORITY,ACTIVE_PROPERTY_BROKER_AUTHORITY,BROKER_BOND_OR_TRUST_REPORTED","","8d3fcdd6-9f00-4bb3-b960-ab5e74b9f5cb","2","2","2","1","HHG_AUTO_OVERLAP","true","true","NEEDS_REGULATORY_REVIEW"
"49d7c629-831d-58cd-84f0-c2e599d45be1","8d3fcdd6-9f00-4bb3-b960-ab5e74b9f5cb","248527","WATERS TRUCK & TRACTOR CO INC","","WATERS TRUCK & TRACTOR CO INC","A","A","MS","COLUMBUS","6623281575","11","14","true","Sun Aug 16 2026 16:56:53 GMT-0400 (Eastern Daylight Time)","sprewitt@waterstruck.com","[object Object]","[object Object]","AUTO_TRANSPORT_REVIEW","FMCSA_MOTOR_VEHICLES_CARGO_REPORTED,HISTORICAL_OR_NONCURRENT_PROPERTY_ROLE","","8d3fcdd6-9f00-4bb3-b960-ab5e74b9f5cb","1","1","1","1","HHG_AUTO_OVERLAP","true","true","NEEDS_REGULATORY_REVIEW"
"2d0df23f-fd7b-54c2-b6ee-ef1cd1e62b75","8d3fcdd6-9f00-4bb3-b960-ab5e74b9f5cb","249146","NEW LONDON MOVING & STORAGE INC","","NEW LONDON MOVING & STORAGE INC","I","A","CT","WATERFORD","8604422715","1","2","true","Sun Aug 16 2026 16:56:53 GMT-0400 (Eastern Daylight Time)","NLMOVING@SNET.NET","[object Object]","[object Object]","AUTO_TRANSPORT_INACTIVE","FMCSA_MOTOR_VEHICLES_CARGO_REPORTED,INACTIVE_USDOT","","8d3fcdd6-9f00-4bb3-b960-ab5e74b9f5cb","0","0","0","2","HHG_AUTO_OVERLAP","true","true","INACTIVE_ENTITY"
"b5bee1b9-54a2-5783-8bcd-415ba1ed58e5","8d3fcdd6-9f00-4bb3-b960-ab5e74b9f5cb","249939","M H TRUCKING INC","","M H TRUCKING INC","I","A","IN","AUBURN","2609252142","1","1","true","Sun Aug 16 2026 16:56:53 GMT-0400 (Eastern Daylight Time)","mhtrucking@hotmail.com","[object Object]","[object Object]","AUTO_TRANSPORT_INACTIVE","FMCSA_MOTOR_VEHICLES_CARGO_REPORTED,INACTIVE_USDOT","","8d3fcdd6-9f00-4bb3-b960-ab5e74b9f5cb","0","0","0","2","HHG_AUTO_OVERLAP","true","true","INACTIVE_ENTITY"
"d8147e8c-3119-58b8-9edd-66a50c84cf34","8d3fcdd6-9f00-4bb3-b960-ab5e74b9f5cb","251441","COOMES INC","","COOMES INC","A","A","KS","PHILLIPSBURG","7855432759","31","31","true","Sun Aug 16 2026 16:56:53 GMT-0400 (Eastern Daylight Time)","comptroller@coomesinc.com","[object Object]","[object Object]","AUTO_TRANSPORT_DUAL_ROLE","FMCSA_MOTOR_VEHICLES_CARGO_REPORTED,ACTIVE_PROPERTY_CARRIER_AUTHORITY,ACTIVE_PROPERTY_BROKER_AUTHORITY,BROKER_BOND_OR_TRUST_REPORTED","","8d3fcdd6-9f00-4bb3-b960-ab5e74b9f5cb","2","2","2","1","HHG_AUTO_OVERLAP","true","true","NEEDS_REGULATORY_REVIEW"
"8929c3db-806a-574d-a10c-22bc04540d40","8d3fcdd6-9f00-4bb3-b960-ab5e74b9f5cb","251582","SUPERIOR HAULING & FAST TRANSIT INC","REDBIRD CARRIERS AND FASTRACK AUTO TRANSPORT","REDBIRD CARRIERS AND FASTRACK AUTO TRANSPORT","A","A","MO","SAINT LOUIS","3146217780","265","265","true","Sun Aug 16 2026 16:56:53 GMT-0400 (Eastern Daylight Time)","hmarkovic@redbirdcarriers.com","[object Object]","[object Object]","AUTO_TRANSPORT_CARRIER","FMCSA_MOTOR_VEHICLES_CARGO_REPORTED,ACTIVE_PROPERTY_CARRIER_AUTHORITY","","8d3fcdd6-9f00-4bb3-b960-ab5e74b9f5cb","2","2","1","1","HHG_AUTO_OVERLAP","true","true","NEEDS_REGULATORY_REVIEW"
"8dea38ff-9386-5a75-a8ae-703034c0a273","8d3fcdd6-9f00-4bb3-b960-ab5e74b9f5cb","251720","WHITEWOOD TRANSPORT INC","","WHITEWOOD TRANSPORT INC","A","A","MT","BILLINGS","4062458030","24","24","true","Sun Aug 16 2026 16:56:53 GMT-0400 (Eastern Daylight Time)","contracts@whitewoodtransport.com","[object Object]","[object Object]","AUTO_TRANSPORT_DUAL_ROLE","FMCSA_MOTOR_VEHICLES_CARGO_REPORTED,ACTIVE_PROPERTY_CARRIER_AUTHORITY,ACTIVE_PROPERTY_BROKER_AUTHORITY,BROKER_BOND_OR_TRUST_REPORTED","","8d3fcdd6-9f00-4bb3-b960-ab5e74b9f5cb","2","2","3","1","HHG_AUTO_OVERLAP","true","true","NEEDS_REGULATORY_REVIEW"
"f303821a-cec4-500d-999c-53b30cb8ab9d","8d3fcdd6-9f00-4bb3-b960-ab5e74b9f5cb","252324","STEVENS TRANSPORTATION COMPANY INC","","STEVENS TRANSPORTATION COMPANY INC","A","A","IN","INDIANAPOLIS","3178497900","1","1","true","Sun Aug 16 2026 16:56:53 GMT-0400 (Eastern Daylight Time)","jim_witzerman@wvlcorp.com","[object Object]","[object Object]","AUTO_TRANSPORT_REVIEW","FMCSA_MOTOR_VEHICLES_CARGO_REPORTED,HISTORICAL_OR_NONCURRENT_PROPERTY_ROLE","","8d3fcdd6-9f00-4bb3-b960-ab5e74b9f5cb","2","4","2","2","HHG_AUTO_OVERLAP","true","true","NEEDS_REGULATORY_REVIEW"
"7a3492d9-7179-55c8-b5da-7dee68da92aa","8d3fcdd6-9f00-4bb3-b960-ab5e74b9f5cb","252487","MORRISTOWN DRIVER'S SERVICE INC","MDS","MDS","A","A","TN","MORRISTOWN","4235816048","234","210","true","Sun Aug 16 2026 16:56:53 GMT-0400 (Eastern Daylight Time)","TMCKINNISH@MDSTRUCKING.COM","[object Object]","[object Object]","AUTO_TRANSPORT_REVIEW","FMCSA_MOTOR_VEHICLES_CARGO_REPORTED,NO_CURRENT_PROPERTY_AUTHORITY","","8d3fcdd6-9f00-4bb3-b960-ab5e74b9f5cb","0","0","0","2","HHG_AUTO_OVERLAP","true","true","LOCAL_INTRASTATE_CARRIER_CANDIDATE"
"e952ac08-3b8f-5642-9201-6ce3bf20a0be","8d3fcdd6-9f00-4bb3-b960-ab5e74b9f5cb","252990","B&G EQUIPMENT & SUPPLY LP","","B&G EQUIPMENT & SUPPLY LP","A","A","AL","BIRMINGHAM","2054237036","57","41","true","Sun Aug 16 2026 16:56:53 GMT-0400 (Eastern Daylight Time)","jcasey@brasfieldgorrie.com","[object Object]","[object Object]","AUTO_TRANSPORT_CARRIER","FMCSA_MOTOR_VEHICLES_CARGO_REPORTED,ACTIVE_PROPERTY_CARRIER_AUTHORITY","","8d3fcdd6-9f00-4bb3-b960-ab5e74b9f5cb","1","1","2","1","HHG_AUTO_OVERLAP","true","true","NEEDS_REGULATORY_REVIEW"
"d663dd9c-bb29-57bd-8dcf-1e43e2087339","8d3fcdd6-9f00-4bb3-b960-ab5e74b9f5cb","253679","GROUPE TYT INC","TYT GROUP","TYT GROUP","A","A","QC","DRUMMONDVILLE","8194744884","95","95","true","Sun Aug 16 2026 16:56:53 GMT-0400 (Eastern Daylight Time)","mgirardin@groupetyt.com","[object Object]","[object Object]","AUTO_TRANSPORT_DUAL_ROLE","FMCSA_MOTOR_VEHICLES_CARGO_REPORTED,ACTIVE_PROPERTY_CARRIER_AUTHORITY,ACTIVE_PROPERTY_BROKER_AUTHORITY,BROKER_BOND_OR_TRUST_REPORTED","","8d3fcdd6-9f00-4bb3-b960-ab5e74b9f5cb","2","2","2","1","HHG_AUTO_OVERLAP","true","true","NEEDS_REGULATORY_REVIEW"
"343eabec-6176-5cd7-aa0c-1228c0ba8bf6","8d3fcdd6-9f00-4bb3-b960-ab5e74b9f5cb","254334","ON LINE AUTO CONNECTION INC","ON LINE AUTO CONNECTION","ON LINE AUTO CONNECTION","A","A","NY","WEST SENECA","7166750424","21","21","true","Sun Aug 16 2026 16:56:53 GMT-0400 (Eastern Daylight Time)","marksubjeck@onlineautoconnection.com","[object Object]","[object Object]","AUTO_TRANSPORT_CARRIER","FMCSA_MOTOR_VEHICLES_CARGO_REPORTED,ACTIVE_PROPERTY_CARRIER_AUTHORITY","","8d3fcdd6-9f00-4bb3-b960-ab5e74b9f5cb","2","2","1","2","HHG_AUTO_OVERLAP","true","true","NEEDS_REGULATORY_REVIEW"
"88745b78-fe8d-514a-be3e-a0878003773b","8d3fcdd6-9f00-4bb3-b960-ab5e74b9f5cb","254894","VESPER TRANSPORT LTD","","VESPER TRANSPORT LTD","A","A","BC","CAWSTON","2504995773","17","21","true","Sun Aug 16 2026 16:56:53 GMT-0400 (Eastern Daylight Time)","ADMIN@vespertransport.CA","[object Object]","[object Object]","AUTO_TRANSPORT_REVIEW","FMCSA_MOTOR_VEHICLES_CARGO_REPORTED,NO_CURRENT_PROPERTY_AUTHORITY","","8d3fcdd6-9f00-4bb3-b960-ab5e74b9f5cb","0","0","0","2","HHG_AUTO_OVERLAP","true","true","LOCAL_INTRASTATE_CARRIER_CANDIDATE"
"8aab810e-5821-53b9-a050-2267d3430600","8d3fcdd6-9f00-4bb3-b960-ab5e74b9f5cb","257067","PATRICK G GOLBERG","GOLBERG ENTERPRISES","GOLBERG ENTERPRISES","A","A","ND","WATFORD CITY","7018422240","3","2","true","Sun Aug 16 2026 16:56:54 GMT-0400 (Eastern Daylight Time)","pgolberg@restel.com","[object Object]","[object Object]","AUTO_TRANSPORT_CARRIER","FMCSA_MOTOR_VEHICLES_CARGO_REPORTED,ACTIVE_PROPERTY_CARRIER_AUTHORITY","","8d3fcdd6-9f00-4bb3-b960-ab5e74b9f5cb","1","1","2","1","HHG_AUTO_OVERLAP","true","true","NEEDS_REGULATORY_REVIEW"
"60c45fdc-5837-5cdf-9b2e-5697913aef7e","8d3fcdd6-9f00-4bb3-b960-ab5e74b9f5cb","257185","EMILIO BARBOSA VELEZ","","EMILIO BARBOSA VELEZ","I","A","PR","PUERTO NUEVO","7877818852","7","7","true","Sun Aug 16 2026 16:56:54 GMT-0400 (Eastern Daylight Time)","","[object Object]","[object Object]","AUTO_TRANSPORT_INACTIVE","FMCSA_MOTOR_VEHICLES_CARGO_REPORTED,INACTIVE_USDOT","","8d3fcdd6-9f00-4bb3-b960-ab5e74b9f5cb","0","0","0","0","HHG_AUTO_OVERLAP","true","true","INACTIVE_ENTITY"
"59032a39-9217-5864-8a2e-c1093baf4796","8d3fcdd6-9f00-4bb3-b960-ab5e74b9f5cb","257823","MICHIGAN SOFT WATER OF WESTERN MICHIGAN INC","WOLVERINE WATER TREATMENT SYSTEMS","WOLVERINE WATER TREATMENT SYSTEMS","A","C","MI","EAST LANSING","5173390722","1","8","true","Sun Aug 16 2026 16:56:54 GMT-0400 (Eastern Daylight Time)","michiganwater@voyager.net","[object Object]","[object Object]","AUTO_TRANSPORT_REVIEW","FMCSA_MOTOR_VEHICLES_CARGO_REPORTED,NO_CURRENT_PROPERTY_AUTHORITY","","8d3fcdd6-9f00-4bb3-b960-ab5e74b9f5cb","0","0","0","0","HHG_AUTO_OVERLAP","true","true","LOCAL_INTRASTATE_CARRIER_CANDIDATE"
