"provider_id","usdot","display_name","legal_name","dba_name","usdot_status","state","power_units","drivers","classification","reason_codes","conflicts","authority_rows","history_rows","insurance_rows","census_dockets","dba_display_pass","trace_pass"
"4ea4f695-34af-52f9-9f04-7523b6e94bce","4159605","HMC VAN LINES","HMC FREIGHT & LOGISTICS INC","HMC VAN LINES","A","AB","8","2","INTERSTATE_CARRIER","HHG_CARGO_REPORTED,ACTIVE_USDOT,ACTIVE_INTERSTATE_HHG_AUTHORITY","","2","2","2","1","true","true"
"0a77b728-4a89-5fba-802c-055a68eb800b","163057","GOLDEN NORTH VAN LINES INC","GOLDEN NORTH VAN LINES INC","","A","AK","33","26","INTERSTATE_CARRIER","HHG_CARGO_REPORTED,ACTIVE_USDOT,ACTIVE_INTERSTATE_HHG_AUTHORITY","","2","2","2","1","true","true"
"007ea157-16f3-5a07-9c37-ddf6398e9bcd","188223","ARAB CARTAGE & EXPRESS CO INC","ARAB CARTAGE & EXPRESS CO INC","","A","AL","63","52","INTERSTATE_CARRIER","ACTIVE_USDOT,ACTIVE_INTERSTATE_HHG_AUTHORITY","","4","5","2","0","true","true"
"180a5260-d256-5284-b47f-558cdbb252e6","3727306","GET IT DONE HELP LLP","GET IT DONE HELP LLP","","A","AR","1","1","INTERSTATE_CARRIER","ACTIVE_USDOT,ACTIVE_INTERSTATE_HHG_AUTHORITY","","2","6","2","0","true","true"
"07e88ceb-6b57-5618-a740-274d50767f33","4477696","TWO MEN AND A TRUCK","AZ 615 MOVERS LLC","TWO MEN AND A TRUCK","A","AZ","14","28","INTERSTATE_CARRIER","HHG_CARGO_REPORTED,ACTIVE_USDOT,ACTIVE_INTERSTATE_HHG_AUTHORITY","","1","1","2","1","true","true"
"66f7197a-2544-55a8-a69f-c13dda4f6bf6","2017511","TRANS CANADA MOVERS INC","TRANS CANADA MOVERS INC","","A","BC","16","10","INTERSTATE_CARRIER","HHG_CARGO_REPORTED,ACTIVE_USDOT,ACTIVE_INTERSTATE_HHG_AUTHORITY","","1","1","2","1","true","true"
"00af6c4d-d38c-5183-b5c0-e47aba2e94c7","786470","SIERRA VALLEY MOVING","SIERRA VALLEY MOVING & STORAGE INC","SIERRA VALLEY MOVING","A","CA","11","14","INTERSTATE_CARRIER","HHG_CARGO_REPORTED,ACTIVE_USDOT,ACTIVE_INTERSTATE_HHG_AUTHORITY","","1","1","2","1","true","true"
"0dd96da7-bf6d-5aea-8dbe-da19bbf7d11a","3546001","ALEX BROTHERS MOVING COMPANY LLC","ALEX BROTHERS MOVING COMPANY LLC","","A","CO","3","3","INTERSTATE_CARRIER","HHG_CARGO_REPORTED,ACTIVE_USDOT,ACTIVE_INTERSTATE_HHG_AUTHORITY","","1","5","3","1","true","true"
"1e5b003b-7013-54da-ad51-29e33fc455dd","3425378","COLLEGE HUNKS HAULING JUNK AND MOVING","HARRINGTON HUNKS INC","COLLEGE HUNKS HAULING JUNK AND MOVING","A","CT","9","9","INTERSTATE_CARRIER","HHG_CARGO_REPORTED,ACTIVE_USDOT,ACTIVE_INTERSTATE_HHG_AUTHORITY","","1","1","2","1","true","true"
"7c2bcda3-cf12-5ef8-8644-93d6002a8326","3998447","E-LOGIC INC","E-LOGIC INC","","A","DC","2","2","INTERSTATE_CARRIER","HHG_CARGO_REPORTED,ACTIVE_USDOT,ACTIVE_INTERSTATE_HHG_AUTHORITY","","2","2","2","1","true","true"
"21086a87-b829-5a11-8443-7ea30e268ad4","3330115","TWO MEN AND A TRUCK","TEN CITIES III LLC","TWO MEN AND A TRUCK","A","DE","11","10","INTERSTATE_CARRIER","HHG_CARGO_REPORTED,ACTIVE_USDOT,ACTIVE_INTERSTATE_HHG_AUTHORITY","","1","1","2","1","true","true"
"04705a86-3d21-509d-8b82-b644b3b9e452","579922","VAN LINES USA INCORPORATED","VAN LINES USA INCORPORATED","","A","FL","2","2","INTERSTATE_CARRIER","HHG_CARGO_REPORTED,ACTIVE_USDOT,ACTIVE_INTERSTATE_HHG_AUTHORITY","","2","2","2","1","true","true"
"051f935d-9da2-5a1d-8469-04dea2aae7fa","1727120","COLONIAL VAN LINES INC","COLONIAL VAN LINES INC","","A","GA","27","23","INTERSTATE_CARRIER","HHG_CARGO_REPORTED,ACTIVE_USDOT,ACTIVE_INTERSTATE_HHG_AUTHORITY","","4","4","2","1","true","true"
"63814db7-e6f6-5de6-a2ed-301d101a093b","548914","XPRESS TRUCKING INC","XPRESS TRUCKING INC","","A","HI","110","68","INTERSTATE_CARRIER","HHG_CARGO_REPORTED,ACTIVE_USDOT,ACTIVE_INTERSTATE_HHG_AUTHORITY","","2","2","2","1","true","true"
"02bfae90-d307-5e14-86f8-daf225f4843f","3528959","ALL MY SONS MOVING & STORAGE OF DES MOINES LLC","ALL MY SONS MOVING & STORAGE OF DES MOINES LLC","","A","IA","3","5","INTERSTATE_CARRIER","HHG_CARGO_REPORTED,ACTIVE_USDOT,ACTIVE_INTERSTATE_HHG_AUTHORITY","","2","2","2","1","true","true"
"2a881476-bd91-5df1-a355-bbfd3027e074","2456819","TWO MEN AND A TRUCK","KELTIC COMPANY","TWO MEN AND A TRUCK","A","ID","10","9","INTERSTATE_CARRIER","HHG_CARGO_REPORTED,ACTIVE_USDOT,ACTIVE_INTERSTATE_HHG_AUTHORITY","","2","2","2","1","true","true"
"0427cf0d-4dce-571f-834b-2552a16025ad","4116447","THE MOVING CREW LLC","THE MOVING CREW LLC","","A","IL","2","1","INTERSTATE_CARRIER","HHG_CARGO_REPORTED,ACTIVE_USDOT,ACTIVE_INTERSTATE_HHG_AUTHORITY","","1","1","2","2","true","true"
"0466ef2f-d108-5aaa-88b4-f2d776705b28","4340137","SKYDRA MOVING LLC","SKYDRA MOVING LLC","","A","IN","2","2","INTERSTATE_CARRIER","HHG_CARGO_REPORTED,ACTIVE_USDOT,ACTIVE_INTERSTATE_HHG_AUTHORITY","","2","2","2","1","true","true"
"57bef41e-62bd-5f99-adcb-82d7bf768be6","527894","TRANS SERVICES INC","TRANS SERVICES INC","","A","KS","47","37","INTERSTATE_CARRIER","ACTIVE_USDOT,ACTIVE_INTERSTATE_HHG_AUTHORITY","","2","2","2","0","true","true"
"5ad57cb8-fc44-5491-9bf8-911ee62a03db","4548256","SQUARE COW MOOVERS","IRON YOKE ENTERPRISES LLC","SQUARE COW MOOVERS","A","KY","2","2","INTERSTATE_CARRIER","HHG_CARGO_REPORTED,ACTIVE_USDOT,ACTIVE_INTERSTATE_HHG_AUTHORITY","","1","1","3","1","true","true"
"003030d9-4f5f-50ba-b7b1-2fe38b24544f","3196055","WILLIAMS TRANSPORTATION AND STORAGE","WILLIAMS TRANSPORTATION AND STORAGE","","A","LA","2","2","INTERSTATE_CARRIER","HHG_CARGO_REPORTED,ACTIVE_USDOT,ACTIVE_INTERSTATE_HHG_AUTHORITY","","2","2","2","1","true","true"
"053d9c3c-61db-5077-a151-7f27eacba256","4574476","NOMAD RELOCATION CO","NOMAD RELOCATION CO","","A","MA","1","2","INTERSTATE_CARRIER","HHG_CARGO_REPORTED,ACTIVE_USDOT,ACTIVE_INTERSTATE_HHG_AUTHORITY","","1","2","2","1","true","true"
"2bde545f-cdbc-58a7-b0a9-f7c53e117726","897517","RUN-RITE FREIGHT SYSTEMS INC","RUN-RITE FREIGHT SYSTEMS INC","","A","MB","11","25","INTERSTATE_CARRIER","HHG_CARGO_REPORTED,ACTIVE_USDOT,ACTIVE_INTERSTATE_HHG_AUTHORITY","","2","2","2","1","true","true"
"07f987ac-1697-583e-aa0e-381ddac9aacd","1300300","JK MOVING SERVICES","JK MOVING & STORAGE OF MARYLAND INC","JK MOVING SERVICES","A","MD","26","26","INTERSTATE_CARRIER","HHG_CARGO_REPORTED,ACTIVE_USDOT,ACTIVE_INTERSTATE_HHG_AUTHORITY","","1","1","2","1","true","true"
"0fe75e13-abe5-5468-9f38-d71af7db15da","2162841","LOCAL MUSCLE LLC","LOCAL MUSCLE LLC","","A","ME","7","20","INTERSTATE_CARRIER","HHG_CARGO_REPORTED,ACTIVE_USDOT,ACTIVE_INTERSTATE_HHG_AUTHORITY","","1","3","2","1","true","true"
"03351477-b1f7-50b0-af31-f661858e02ed","4517482","RG ALLIANCE BROKERAGE INC","RG ALLIANCE BROKERAGE INC","","A","AB","0","","LOCAL_INTRASTATE_CARRIER_CANDIDATE","HHG_CARGO_REPORTED,ACTIVE_USDOT,NO_INTERSTATE_HHG_AUTHORITY,STATE_AUTHORITY_PENDING","","0","0","0","1","true","true"
"00083c01-4119-52f9-9790-7be38c671c63","2076018","JAMES C PITCHER","JAMES C PITCHER","","A","AK","1","1","LOCAL_INTRASTATE_CARRIER_CANDIDATE","HHG_CARGO_REPORTED,ACTIVE_USDOT,NO_INTERSTATE_HHG_AUTHORITY,STATE_AUTHORITY_PENDING","","0","0","0","0","true","true"
"000c6bcc-ac03-5897-be75-6cc9bf5cb0f9","1582303","RALPH BROWN","RALPH BROWN","","A","AL","2","1","LOCAL_INTRASTATE_CARRIER_CANDIDATE","HHG_CARGO_REPORTED,ACTIVE_USDOT,NO_INTERSTATE_HHG_AUTHORITY,STATE_AUTHORITY_PENDING","","0","0","0","0","true","true"
"00a9342e-38c2-55cd-82f8-96fcfff08347","3595391","JORDAN LOGISTICAL TEAM","JORDAN LOGISTICAL TEAM","","A","AR","0","","LOCAL_INTRASTATE_CARRIER_CANDIDATE","HHG_CARGO_REPORTED,ACTIVE_USDOT,NO_INTERSTATE_HHG_AUTHORITY,STATE_AUTHORITY_PENDING","","0","0","0","1","true","true"
"1fb3a513-110b-59b4-8b22-940e64569f38","4304462","DE JURE MORROCAN COVENANT LLC- ADMINISTRATOR OF ESTATE OF DE JURE MOROCCAN COVENANT TRUST 99-6843945","DE JURE MOROCCAN COVENANT LLC","DE JURE MORROCAN COVENANT LLC- ADMINISTRATOR OF ESTATE OF DE JURE MOROCCAN COVENANT TRUST 99-6843945","A","AS","0","2","LOCAL_INTRASTATE_CARRIER_CANDIDATE","HHG_CARGO_REPORTED,ACTIVE_USDOT,NO_INTERSTATE_HHG_AUTHORITY,STATE_AUTHORITY_PENDING","","0","0","0","0","true","true"
"004c4db6-028c-5163-abde-f8404e432e68","2924611","RISING PHOENIX MOVERS LLC","RISING PHOENIX MOVERS LLC","","A","AZ","1","1","LOCAL_INTRASTATE_CARRIER_CANDIDATE","HHG_CARGO_REPORTED,ACTIVE_USDOT,NO_INTERSTATE_HHG_AUTHORITY,STATE_AUTHORITY_PENDING","","0","0","0","0","true","true"
"00034efb-b985-595a-bb59-96dc49a75ff2","1148507","GRANGER TRUCKING LTD","GRANGER TRUCKING LTD","","A","BC","2","3","LOCAL_INTRASTATE_CARRIER_CANDIDATE","HHG_CARGO_REPORTED,ACTIVE_USDOT,NO_INTERSTATE_HHG_AUTHORITY,STATE_AUTHORITY_PENDING","","0","0","0","1","true","true"
"0f10bd28-088c-5fb7-b119-58ae8e168318","556788","MAQUINARIA Y LUBRICANTES DEL NOROESTE SA CV","MAQUINARIA Y LUBRICANTES DEL NOROESTE SA CV","","A","BN","2","1","LOCAL_INTRASTATE_CARRIER_CANDIDATE","HHG_CARGO_REPORTED,ACTIVE_USDOT,NO_INTERSTATE_HHG_AUTHORITY,STATE_AUTHORITY_PENDING","","0","0","0","2","true","true"
"0016e554-c80c-598a-9956-b20c91379247","9535161","24/7 HAULERS INC","24/7 HAULERS INC","","A","CA","4","8","LOCAL_INTRASTATE_CARRIER_CANDIDATE","HHG_CARGO_REPORTED,ACTIVE_USDOT,NO_INTERSTATE_HHG_AUTHORITY,STATE_AUTHORITY_PENDING","","0","0","0","0","true","true"
"0159da2a-29bb-5831-8ff4-d7bdd593469a","555491","FLETES MANZANA SA DE CV","FLETES MANZANA SA DE CV","","A","CH","2","2","LOCAL_INTRASTATE_CARRIER_CANDIDATE","HHG_CARGO_REPORTED,ACTIVE_USDOT,NO_INTERSTATE_HHG_AUTHORITY,STATE_AUTHORITY_PENDING","","0","0","0","3","true","true"
"235dddda-6d76-54de-8fc5-97889b6df1b0","815942","TRANSPORTES HERMANOS BELTRAN SA DE CV","TRANSPORTES HERMANOS BELTRAN SA DE CV","","A","CI","18","18","LOCAL_INTRASTATE_CARRIER_CANDIDATE","HHG_CARGO_REPORTED,ACTIVE_USDOT,NO_INTERSTATE_HHG_AUTHORITY,STATE_AUTHORITY_PENDING","","0","0","0","2","true","true"
"002f7ee7-d294-57ca-8dab-9fb418243a76","4577181","PRO HAUL LLC","PRO HAUL LLC","","A","CO","1","1","LOCAL_INTRASTATE_CARRIER_CANDIDATE","HHG_CARGO_REPORTED,ACTIVE_USDOT,NO_INTERSTATE_HHG_AUTHORITY,STATE_AUTHORITY_PENDING","","0","0","0","1","true","true"
"002f06c1-461e-5253-9756-d4cf8f318a7b","2589238","CHRISTOPHER ROY","CHRISTOPHER ROY","","A","CT","1","1","LOCAL_INTRASTATE_CARRIER_CANDIDATE","HHG_CARGO_REPORTED,ACTIVE_USDOT,NO_INTERSTATE_HHG_AUTHORITY,STATE_AUTHORITY_PENDING","","0","0","0","0","true","true"
"0a64931c-cd86-5282-86e6-fd1141b57c09","4108880","CASEY & COMPANY LLC","CASEY & COMPANY LLC","","A","DC","2","2","LOCAL_INTRASTATE_CARRIER_CANDIDATE","HHG_CARGO_REPORTED,ACTIVE_USDOT,NO_INTERSTATE_HHG_AUTHORITY,STATE_AUTHORITY_PENDING","","0","0","0","1","true","true"
"006c7cd4-611f-5c2c-a78a-a8bab2a4de40","3341107","EASTERN SHORE LOGISTICS LLC","EASTERN SHORE LOGISTICS LLC","","A","DE","0","","LOCAL_INTRASTATE_CARRIER_CANDIDATE","HHG_CARGO_REPORTED,ACTIVE_USDOT,NO_INTERSTATE_HHG_AUTHORITY,STATE_AUTHORITY_PENDING","","0","0","0","1","true","true"
"000aaebd-fcfa-56e2-93c6-dfe512581f3a","1018429","SUDDATH MOVING AND LOGISTICS","WITHERS SUDDATH RELOCATION SYSTEMS INC","SUDDATH MOVING AND LOGISTICS","A","FL","1","1","LOCAL_INTRASTATE_CARRIER_CANDIDATE","HHG_CARGO_REPORTED,ACTIVE_USDOT,NO_INTERSTATE_HHG_AUTHORITY,STATE_AUTHORITY_PENDING","","0","0","0","2","true","true"
"a9aa36ad-5951-5e83-852a-51d8d25beb5c","2232221","ALFRED BALGUERIE SA - TRANSO","ALFRED BALGUERIE SA","ALFRED BALGUERIE SA - TRANSO","A","FR","0","","LOCAL_INTRASTATE_CARRIER_CANDIDATE","HHG_CARGO_REPORTED,ACTIVE_USDOT,NO_INTERSTATE_HHG_AUTHORITY,STATE_AUTHORITY_PENDING","","0","0","0","1","true","true"
"000dbd71-af2d-5140-80bd-b5d2390a3507","600967","A-1 HORTONS MOVING SERVICE INC","A-1 HORTONS MOVING SERVICE INC","","A","GA","3","2","LOCAL_INTRASTATE_CARRIER_CANDIDATE","HHG_CARGO_REPORTED,ACTIVE_USDOT,NO_INTERSTATE_HHG_AUTHORITY,STATE_AUTHORITY_PENDING","","0","0","0","1","true","true"
"00f51953-1707-5932-8e4e-99e44d11d85c","4569609","AVANTI FREIGHT SOLUTIONS S DE RL DE CV","AVANTI FREIGHT SOLUTIONS S DE RL DE CV","","A","GJ","1","1","LOCAL_INTRASTATE_CARRIER_CANDIDATE","HHG_CARGO_REPORTED,ACTIVE_USDOT,NO_INTERSTATE_HHG_AUTHORITY,STATE_AUTHORITY_PENDING","","0","0","0","1","true","true"
"04f11cdb-02c0-5bbd-9f34-dac25bfb2838","2359884","TSANG BROTHERS CORP","TSANG BROTHERS CORP","","A","GU","8","6","LOCAL_INTRASTATE_CARRIER_CANDIDATE","HHG_CARGO_REPORTED,ACTIVE_USDOT,NO_INTERSTATE_HHG_AUTHORITY,STATE_AUTHORITY_PENDING","","0","0","0","0","true","true"
"01b9a338-5991-5830-baf0-7ca0f9de13ce","4141663","LET'S ENTERTAIN MAUI","LET'S ENTERTAIN MAUI","","A","HI","1","3","LOCAL_INTRASTATE_CARRIER_CANDIDATE","HHG_CARGO_REPORTED,ACTIVE_USDOT,NO_INTERSTATE_HHG_AUTHORITY,STATE_AUTHORITY_PENDING","","0","0","0","0","true","true"
"00c22dd8-daa9-5fc9-a3a1-117545348e31","4540001","MANUEL ENRIQUE LLORCA LEON","MANUEL ENRIQUE LLORCA LEON","","A","IA","1","1","LOCAL_INTRASTATE_CARRIER_CANDIDATE","HHG_CARGO_REPORTED,ACTIVE_USDOT,NO_INTERSTATE_HHG_AUTHORITY,STATE_AUTHORITY_PENDING","","0","0","0","1","true","true"
"01309752-3a84-56a6-8544-409d11cc7f01","4530110","ALFA DAWG TRANSPORTATION AND PILOT SERVICES LLC","ALFA DAWG TRANSPORTATION AND PILOT SERVICES LLC","","A","ID","2","2","LOCAL_INTRASTATE_CARRIER_CANDIDATE","HHG_CARGO_REPORTED,ACTIVE_USDOT,NO_INTERSTATE_HHG_AUTHORITY,STATE_AUTHORITY_PENDING","","0","0","0","1","true","true"
"0001098c-762a-5a23-aa2e-840f35c1e84c","1971627","ARROW TRANS CORP","ARROW TRANS CORP","","A","IL","147","134","LOCAL_INTRASTATE_CARRIER_CANDIDATE","HHG_CARGO_REPORTED,ACTIVE_USDOT,NO_INTERSTATE_HHG_AUTHORITY,STATE_AUTHORITY_PENDING","","0","0","0","1","true","true"
"0078dce8-edf8-5df9-9fac-45f8cc8a0cf1","4524771","D & Y LOGISTICS LLC","D & Y LOGISTICS LLC","","A","IN","1","1","LOCAL_INTRASTATE_CARRIER_CANDIDATE","HHG_CARGO_REPORTED,ACTIVE_USDOT,NO_INTERSTATE_HHG_AUTHORITY,STATE_AUTHORITY_PENDING","","0","0","0","1","true","true"
"1335dacd-3fa8-582a-868b-1f5bcfda47c0","2946400","ARCBEST","ARCBEST II, INC","ARCBEST","A","AR","0","","AUTHORIZED_BROKER","ACTIVE_USDOT,ACTIVE_BROKER_AUTHORITY,BROKER_BOND_REPORTED","","4","4","5","0","true","true"
"256333b6-b9e2-5fc9-9c3e-e87c99c897f0","2227267","CLUTCH AUTO TRANSPORT LLC","CLUTCH AUTO TRANSPORT LLC","","A","AZ","0","","AUTHORIZED_BROKER","HHG_CARGO_REPORTED,ACTIVE_USDOT,ACTIVE_BROKER_AUTHORITY,BROKER_BOND_REPORTED","","2","2","1","1","true","true"
"2b1704eb-9455-5a1c-aead-b3c2f96b73ff","3982285","MBN TRANSPORTATION INC","MBN TRANSPORTATION INC","","A","CA","0","","AUTHORIZED_BROKER","HHG_CARGO_REPORTED,ACTIVE_USDOT,ACTIVE_BROKER_AUTHORITY,BROKER_BOND_REPORTED","","2","2","1","1","true","true"
"712a85bd-570c-5ee0-8db8-2671b082bedc","7654932","CargoCat AI","CargoCat AI","","A","CO","0","","AUTHORIZED_BROKER","HHG_CARGO_REPORTED,ACTIVE_USDOT,ACTIVE_BROKER_AUTHORITY,BROKER_BOND_REPORTED","","1","2","1","1","true","true"
"142ec055-1ca8-5070-9f0a-691e33a45229","9449573","TRUSTPOINT MOVING GROUP LLC","TRUSTPOINT MOVING GROUP LLC","","A","FL","0","","AUTHORIZED_BROKER","HHG_CARGO_REPORTED,ACTIVE_USDOT,ACTIVE_BROKER_AUTHORITY,BROKER_BOND_REPORTED","","1","2","1","1","true","true"
"6586cc33-74dd-5ff1-bb12-399ee80fd989","9752453","AMERICAN ASK4 LOGISTICS LLC","AMERICAN ASK4 LOGISTICS LLC","","A","GA","0","","AUTHORIZED_BROKER","HHG_CARGO_REPORTED,ACTIVE_USDOT,ACTIVE_BROKER_AUTHORITY,BROKER_BOND_REPORTED","","2","4","2","2","true","true"
"2efb2a15-064f-5c1b-806a-a7391bb6cb7d","2225580","SHIPPINGSOURCECOM INC","SHIPPINGSOURCECOM INC","","A","IA","0","","AUTHORIZED_BROKER","HHG_CARGO_REPORTED,ACTIVE_USDOT,ACTIVE_BROKER_AUTHORITY,BROKER_BOND_REPORTED","","2","2","1","1","true","true"
"0b73cd43-6be4-5fb3-9bf6-1f365578e03e","4790872","Road loader llc","Road loader llc","","A","IL","0","","AUTHORIZED_BROKER","ACTIVE_USDOT,ACTIVE_BROKER_AUTHORITY,BROKER_BOND_REPORTED","","1","2","1","0","true","true"
"03666486-2b56-5523-be9d-277a2724cec9","688917","A RELOCATION SOLUTIONS MANAGEMENT LLC","A RELOCATION SOLUTIONS MANAGEMENT LLC","","A","IN","1","1","AUTHORIZED_BROKER","HHG_CARGO_REPORTED,ACTIVE_USDOT,ACTIVE_BROKER_AUTHORITY,BROKER_BOND_REPORTED","","3","3","4","1","true","true"
"c5a723f4-41db-54b1-b2e7-ff83fa351134","1721418","J&J LOGISTICS","J&J DRIVEAWAY SYSTEMS LLC","J&J LOGISTICS","A","KS","0","","AUTHORIZED_BROKER","ACTIVE_USDOT,ACTIVE_BROKER_AUTHORITY,BROKER_BOND_REPORTED","","2","4","1","0","true","true"
"547d825e-67b2-5ca9-ac1a-f8df2b66882d","559942","LAIDLAW CARRIERS BULK USA INC","LAIDLAW CARRIERS BULK USA INC","","A","MI","16","16","AUTHORIZED_BROKER","ACTIVE_USDOT,ACTIVE_BROKER_AUTHORITY,BROKER_BOND_REPORTED","MISSING_REQUIRED_CARGO_FILING,MISSING_REQUIRED_BIPD_FILING","4","6","3","0","true","true"
"0a804b38-f684-5d7d-8497-9aad38463274","2230613","ALLEGIANT MOVE MANAGEMENT LLC","ALLEGIANT MOVE MANAGEMENT LLC","","A","MO","0","","AUTHORIZED_BROKER","ACTIVE_USDOT,ACTIVE_BROKER_AUTHORITY,BROKER_BOND_REPORTED","","2","2","2","0","true","true"
"c0d83466-23c7-59c6-ba08-e504429a5964","891665","MOCO TRANSPORTATION LLC","MOCO TRANSPORTATION LLC","","A","MS","3","4","AUTHORIZED_BROKER","ACTIVE_USDOT,ACTIVE_BROKER_AUTHORITY,BROKER_BOND_REPORTED","MISSING_REQUIRED_CARGO_FILING","4","4","2","0","true","true"
"124d6455-ffa4-5737-90c8-aa3e4821cfd1","3762743","K&K TRUCKING MONTANA LLC","K&K TRUCKING MONTANA LLC","","A","MT","33","26","AUTHORIZED_BROKER","ACTIVE_USDOT,ACTIVE_BROKER_AUTHORITY,BROKER_BOND_REPORTED","MISSING_REQUIRED_CARGO_FILING","4","5","2","0","true","true"
"112806d6-fe5c-5459-9e98-644d6f16a498","4270654","United American Logistics","AMERICAN UNITED LOGISTICS LLC","United American Logistics","A","ND","0","","AUTHORIZED_BROKER","HHG_CARGO_REPORTED,ACTIVE_USDOT,ACTIVE_BROKER_AUTHORITY,BROKER_BOND_REPORTED","","1","1","1","1","true","true"
"2bfd2edd-419b-518c-a000-0c08cfc09463","1667452","HANUL CORPORATION","HANUL CORPORATION","","A","NJ","12","12","AUTHORIZED_BROKER","ACTIVE_USDOT,ACTIVE_BROKER_AUTHORITY,BROKER_BOND_REPORTED","MISSING_REQUIRED_CARGO_FILING","4","9","2","0","true","true"
"b8bc4d9e-bebf-523d-b65e-83bae04a9bcc","98062","WELESKI TRANSFER INC","WELESKI TRANSFER INC","","A","PA","11","5","AUTHORIZED_BROKER","HHG_CARGO_REPORTED,ACTIVE_USDOT,ACTIVE_BROKER_AUTHORITY,BROKER_BOND_REPORTED","","1","1","1","1","true","true"
"835830be-18f8-5304-a8e7-0ef1ba2ff8cd","632960","TRAFFIC TECH INC","TRAFFIC TECH INC","","A","QC","1","","AUTHORIZED_BROKER","HHG_CARGO_REPORTED,ACTIVE_USDOT,ACTIVE_BROKER_AUTHORITY,BROKER_BOND_REPORTED","","2","2","2","1","true","true"
"aae1faf9-7e13-5e61-b5d8-7efecac75398","7299590","Palmetto State Freight Partners LLC","Palmetto State Freight Partners LLC","","A","SC","0","","AUTHORIZED_BROKER","HHG_CARGO_REPORTED,ACTIVE_USDOT,ACTIVE_BROKER_AUTHORITY,BROKER_BOND_REPORTED","","1","2","1","1","true","true"
"ea934ba0-1d38-53db-bb0b-2eae46b1a243","4257560","CXS LOGISTICS INC","CXS LOGISTICS INC","","A","TN","0","","AUTHORIZED_BROKER","HHG_CARGO_REPORTED,ACTIVE_USDOT,ACTIVE_BROKER_AUTHORITY,BROKER_BOND_REPORTED","","2","2","1","1","true","true"
"057b5532-756e-587c-b231-d22229df0463","2221860","PREMIER FINAL MILE LOGISITICS","ALL AMERICAN WORLDWIDE INC","PREMIER FINAL MILE LOGISITICS","A","TX","0","","AUTHORIZED_BROKER","ACTIVE_USDOT,ACTIVE_BROKER_AUTHORITY,BROKER_BOND_REPORTED","","2","2","1","0","true","true"
"8cf6a2f6-5577-518f-b15a-8b35235a1be3","2222803","JK BROKERAGE SERVICES","JK MOVING & STORAGE INC","JK BROKERAGE SERVICES","A","VA","0","","AUTHORIZED_BROKER","ACTIVE_USDOT,ACTIVE_BROKER_AUTHORITY,BROKER_BOND_REPORTED","","2","2","2","0","true","true"
"49df9ad5-b3bd-54f4-96d7-aee4a678dea2","264184","SCHNEIDER NATIONAL CARRIERS INC","SCHNEIDER NATIONAL CARRIERS INC","","A","WI","9866","11335","AUTHORIZED_BROKER","HHG_CARGO_REPORTED,ACTIVE_USDOT,ACTIVE_BROKER_AUTHORITY,BROKER_BOND_REPORTED","MISSING_REQUIRED_BIPD_FILING","4","4","5","2","true","true"
"caa91045-2d61-5a99-80e2-fa92fac701e2","4565790","MOVE NATION LLC","MOVIE NATION LLC","MOVE NATION LLC","A","WY","0","","AUTHORIZED_BROKER","HHG_CARGO_REPORTED,ACTIVE_USDOT,ACTIVE_BROKER_AUTHORITY,BROKER_BOND_REPORTED","","1","2","1","1","true","true"
"1fd05c41-4d85-53a4-a14a-809774f575ce","2632086","U-PACK","MOVING SOLUTIONS INC","U-PACK","A","AR","0","","AUTHORIZED_BROKER","V1_KNOWN_PROVIDER,ACTIVE_USDOT,ACTIVE_BROKER_AUTHORITY,BROKER_BOND_REPORTED","","4","4","4","0","true","true"
"7e68a443-213a-5873-91dd-833f264329b1","80806","J B HUNT","J B HUNT TRANSPORT INC","J B HUNT","A","AR","25280","24116","DUAL_ROLE_CARRIER_BROKER","ACTIVE_USDOT,ACTIVE_INTERSTATE_HHG_AUTHORITY,ACTIVE_BROKER_AUTHORITY,BROKER_BOND_REPORTED","","4","4","5","0","true","true"
"43f53c26-1984-5dcd-b32f-aafb7ba214b5","2230607","DEWITT MOVE WORLDWIDE","DEWITT COMPANIES LTD LLC","DEWITT MOVE WORLDWIDE","A","CA","0","","DUAL_ROLE_CARRIER_BROKER","HHG_CARGO_REPORTED,ACTIVE_USDOT,ACTIVE_INTERSTATE_HHG_AUTHORITY,ACTIVE_BROKER_AUTHORITY,BROKER_BOND_REPORTED","","5","5","5","1","true","true"
"cb727632-b762-5641-9bdf-7f6aadbcecac","624921","STERLING MOVING & STORAGE INC","STERLING MOVING & STORAGE INC","","A","CT","4","10","DUAL_ROLE_CARRIER_BROKER","HHG_CARGO_REPORTED,ACTIVE_USDOT,ACTIVE_INTERSTATE_HHG_AUTHORITY,ACTIVE_BROKER_AUTHORITY,BROKER_BOND_REPORTED","","4","4","3","1","true","true"
"1cdf785e-3a62-5bbe-ade9-f068200ffa56","297386","LANDSTAR GEMINI INC","LANDSTAR GEMINI INC","","A","FL","1","1","DUAL_ROLE_CARRIER_BROKER","ACTIVE_USDOT,ACTIVE_INTERSTATE_HHG_AUTHORITY,ACTIVE_BROKER_AUTHORITY,BROKER_BOND_REPORTED","","4","5","6","0","true","true"
"c0f43836-abc0-508e-a734-a1773bec3d93","92687","ATLANTIC DISTRIBUTION SYSTEMS INC","ATLANTIC DISTRIBUTION SYSTEMS INC","","A","GA","2","2","DUAL_ROLE_CARRIER_BROKER","HHG_CARGO_REPORTED,ACTIVE_USDOT,ACTIVE_INTERSTATE_HHG_AUTHORITY,ACTIVE_BROKER_AUTHORITY,BROKER_BOND_REPORTED","","4","6","3","1","true","true"
"1a91c3ba-5c9f-5073-b59c-af7fa1a9fa42","227698","ROYAL HAWAIIAN TRUCKING & WAREHOUSING","ROYAL HAWAIIAN MOVERS INC","ROYAL HAWAIIAN TRUCKING & WAREHOUSING","A","HI","113","69","DUAL_ROLE_CARRIER_BROKER","V1_KNOWN_PROVIDER,HHG_CARGO_REPORTED,ACTIVE_USDOT,ACTIVE_INTERSTATE_HHG_AUTHORITY,ACTIVE_BROKER_AUTHORITY,BROKER_BOND_REPORTED","","6","6","5","3","true","true"
"00b0e108-ff88-56ff-8922-9acda2923e33","76507","A N WEBBER INC","A N WEBBER INC","","A","IL","240","135","DUAL_ROLE_CARRIER_BROKER","ACTIVE_USDOT,ACTIVE_INTERSTATE_HHG_AUTHORITY,ACTIVE_BROKER_AUTHORITY,BROKER_BOND_REPORTED","","4","11","5","0","true","true"
"04c885e9-181b-5159-9081-9038d23ecd5d","64160","CARTWRIGHT VAN LINES LLC","CARTWRIGHT VAN LINES LLC","","A","IN","1","1","DUAL_ROLE_CARRIER_BROKER","HHG_CARGO_REPORTED,ACTIVE_USDOT,ACTIVE_INTERSTATE_HHG_AUTHORITY,ACTIVE_BROKER_AUTHORITY,BROKER_BOND_REPORTED","","4","4","3","1","true","true"
"e88b5474-8959-5cdc-b621-4809f571a4d7","153146","THOMAS TRANSFER & STORAGE INC","THOMAS TRANSFER & STORAGE INC","","A","KS","21","20","DUAL_ROLE_CARRIER_BROKER","HHG_CARGO_REPORTED,ACTIVE_USDOT,ACTIVE_INTERSTATE_HHG_AUTHORITY,ACTIVE_BROKER_AUTHORITY,BROKER_BOND_REPORTED","","4","4","3","1","true","true"
"119157b2-c36f-5858-beb9-4f033c1385fe","63040","VINCENT FISTER INC","VINCENT FISTER INC","","A","KY","11","11","DUAL_ROLE_CARRIER_BROKER","HHG_CARGO_REPORTED,ACTIVE_USDOT,ACTIVE_INTERSTATE_HHG_AUTHORITY,ACTIVE_BROKER_AUTHORITY,BROKER_BOND_REPORTED","","4","3","5","1","true","true"
"00edc0ad-8b5d-5a0e-97af-6a408219713c","692286","HOLDEN SEED GROWERS","HOLDEN COLONY","HOLDEN SEED GROWERS","I","AB","7","6","INACTIVE_ENTITY","HHG_CARGO_REPORTED,INACTIVE_USDOT","","0","0","0","0","true","true"
"00072e10-fe44-5e1c-afe2-a0c724b011ef","503022","NORTHWAY FUEL CO INC","NORTHWAY FUEL CO INC","","I","AK","10","3","INACTIVE_ENTITY","HHG_CARGO_REPORTED,INACTIVE_USDOT","","0","0","0","0","true","true"
"0001461d-e33c-5e70-a965-dabf6bdda17d","3820402","C-WAY INVESTMENT","R-VIEW PHOTOGRAPHY","C-WAY INVESTMENT","I","AL","1","1","INACTIVE_ENTITY","HHG_CARGO_REPORTED,INACTIVE_USDOT","","0","0","0","1","true","true"
"0007f326-9cad-5b35-8514-0df43b5ae6e7","401155","ARLEE HOME FASHIONS","ARLEE HOME FASHIONS","","I","AR","1","1","INACTIVE_ENTITY","HHG_CARGO_REPORTED,INACTIVE_USDOT","","0","0","0","0","true","true"
"170dd5e9-6060-574c-89f5-045340c15330","4302722","GREAT OUTDOORS","GREAT OUTDOORS","","I","AS","0","2","INACTIVE_ENTITY","HHG_CARGO_REPORTED,INACTIVE_USDOT","","0","0","0","0","true","true"
"0008fd4b-ca6d-5d54-aac6-dd44d3aeb060","54279","SOMERTON VALLEY TRANSFER JEROME DAEGER&ELIZABETH D","SOMERTON VALLEY TRANSFER JEROME DAEGER&ELIZABETH D","","I","AZ","0","","INACTIVE_ENTITY","HHG_CARGO_REPORTED,INACTIVE_USDOT","","0","0","0","1","true","true"
"00020179-4e89-547f-a738-2f885dbfee49","1010243","R BEST TRANSPORTATION SERVICES","R BEST TRANSPORTATION SERVICES","","I","BC","1","1","INACTIVE_ENTITY","HHG_CARGO_REPORTED,INACTIVE_USDOT","","0","0","0","1","true","true"
"0604e46f-1140-5bac-8dcd-0f895efd7446","789046","MANUJEL GARCIA GONZALEZ TRUCKING","MANUEL GARCIA GONZALEZ","MANUJEL GARCIA GONZALEZ TRUCKING","I","BN","1","","INACTIVE_ENTITY","HHG_CARGO_REPORTED,INACTIVE_USDOT","","0","0","0","0","true","true"
"14c7b4cd-e081-569d-818d-f2a7ecfee763","559891","MUNOZ IMPORT-EXPORT INC","SERGIO ALFONSO MUNOZ HERNANDEZ","MUNOZ IMPORT-EXPORT INC","I","BS","1","1","INACTIVE_ENTITY","HHG_CARGO_REPORTED,INACTIVE_USDOT","","0","0","0","2","true","true"
"39a4634a-f470-599f-9d57-9ace38470518","1227288","MARAGE SHIPPING AND TRUCKING","HONDO ENTERPRISES LTD","MARAGE SHIPPING AND TRUCKING","I","BZ","3","2","INACTIVE_ENTITY","HHG_CARGO_REPORTED,INACTIVE_USDOT","","0","0","0","0","true","true"
"0095b597-ee88-5d23-9e94-53b20c82e00d","6975705","D&R Precision Hot Shot Services Ltd","D&R Precision Hot Shot Services Ltd","","A","AB","1","1","NEEDS_REGULATORY_REVIEW","ACTIVE_USDOT","","1","1","0","0","true","true"
"5fb4325d-bd1a-5539-a094-e0aa84125c9c","4559805","SADIBA","PABLO ADRIAN DIAZ POBLANO","SADIBA","A","AG","3","3","NEEDS_REGULATORY_REVIEW","ACTIVE_USDOT","","1","1","0","0","true","true"
"070deaa2-37e2-5dc0-9ad0-239c3b7247b5","730225","ALASKA MARINE TRUCKING LLC","ALASKA MARINE TRUCKING LLC","","","AK","","","NEEDS_REGULATORY_REVIEW","","","1","1","2","0","true","true"
"006aed82-e53d-5401-81be-c03049a5c126","7839237","Pablo Trucking LLC","Pablo Trucking LLC","","A","AL","1","1","NEEDS_REGULATORY_REVIEW","ACTIVE_USDOT","","1","1","0","0","true","true"
"002897e2-065b-5c23-b32f-43075ff7734a","3659530","MR CLYDE TRUCKING LLC","MR CLYDE TRUCKING LLC","","A","AR","1","1","NEEDS_REGULATORY_REVIEW","ACTIVE_USDOT","","1","1","1","0","true","true"
"001cf2bd-9d75-5c55-9479-1fc0632e4588","8059454","Golden Eagle Group LLC","Golden Eagle Group LLC","","A","AZ","2","4","NEEDS_REGULATORY_REVIEW","ACTIVE_USDOT","","1","2","1","0","true","true"
"00bf9037-cb4f-5522-8b64-fda2adcfa27e","6186629","Vavaa Logistics Ltd.","Vavaa Logistics Ltd.","","A","BC","0","","NEEDS_REGULATORY_REVIEW","ACTIVE_USDOT","","1","1","0","0","true","true"
"001e199e-5d2c-50c3-93ac-c9ba14b039c6","1053668","GOLDEN WEST TRANSPORT SA DE CV","GOLDEN WEST TRANSPORT SA DE CV","","A","BN","10","10","NEEDS_REGULATORY_REVIEW","ACTIVE_USDOT","","1","1","0","0","true","true"
"67e99d6d-96a4-5b5e-b375-f038f79e968f","1158875","AUTOTRANSPORTES DE CARGA CALIFORNIAS UNIDAS SA DE CV","AUTOTRANSPORTES DE CARGA CALIFORNIAS UNIDAS SA DE CV","","A","BS","8","7","NEEDS_REGULATORY_REVIEW","ACTIVE_USDOT","","1","2","0","0","true","true"
"000055e1-5cbf-51c2-a766-4b57e3c8b1a0","7930656","Hardeep Motor Carrier LLC","Hardeep Motor Carrier LLC","","","CA","","","NEEDS_REGULATORY_REVIEW","","","1","1","0","0","true","true"
"126fd043-708e-5e94-af8e-d66375e1ca62","4271037","ABC TRANSQUALITY","ABC TRANSQUALITY SA DE CV","ABC TRANSQUALITY","A","CH","1","6","NEEDS_REGULATORY_REVIEW","ACTIVE_USDOT","","1","1","0","0","true","true"
"00a0f00c-a909-5636-b95a-97ed0cb5e8c7","4129943","MAGO TRUCKING","EDEL MARRUFO GONZALEZ","MAGO TRUCKING","A","CI","2","2","NEEDS_REGULATORY_REVIEW","ACTIVE_USDOT","","1","1","1","0","true","true"
"ea5c6d6a-41a7-5524-b283-a9359939f563","4207049","TRANSPORTES TOSCANO","JOSE DE JESUS TOSCANO MORENO","TRANSPORTES TOSCANO","A","CL","6","6","NEEDS_REGULATORY_REVIEW","ACTIVE_USDOT","","1","1","0","0","true","true"
"00680ae0-6d47-52b5-96a9-7d3851396576","3076146","A-Z TRANSPORT LLC","A-Z TRANSPORT LLC","","A","CO","2","2","NEEDS_REGULATORY_REVIEW","ACTIVE_USDOT","","1","1","1","0","true","true"
"001e1d11-ecff-5c90-9c98-fb81261fed99","5076379","LWALCOTTLLC","LWALCOTTLLC","","A","CT","2","4","NEEDS_REGULATORY_REVIEW","ACTIVE_USDOT","","1","1","1","0","true","true"
"25cf0d59-eb14-5543-9992-a9bb48da2082","3115369","CAPITOL CONSULTANTS LLC","CAPITOL CONSULTANTS LLC","","A","DC","2","1","NEEDS_REGULATORY_REVIEW","ACTIVE_USDOT","","1","1","1","0","true","true"
"003b1785-bb86-5595-96e6-a6eb8b1366c0","4494399","LEGACY TRUCK LINES LLC","LEGACY TRUCK LINES LLC","","A","DE","1","1","NEEDS_REGULATORY_REVIEW","ACTIVE_USDOT","","1","1","1","0","true","true"
"15a0a82a-8625-53a5-af63-9c3f6723aa57","4499108","CORD SA DE CV","CORD SA DE CV","","A","DF","4","4","NEEDS_REGULATORY_REVIEW","ACTIVE_USDOT","","1","1","0","0","true","true"
"f40ee1bd-9314-5330-bdd9-3846b4757dd9","677618","TRANSPORTES REFRIGERADO RIVAS","RAMIRO RIVAS FLORES","TRANSPORTES REFRIGERADO RIVAS","A","DG","19","19","NEEDS_REGULATORY_REVIEW","ACTIVE_USDOT","","1","1","0","0","true","true"
"00054630-4e98-5af7-bd40-a23887b5952a","4429871","COOPER HAULING & DEBRIS REMOVAL INC","COOPER HAULING & DEBRIS REMOVAL INC","","A","FL","1","1","NEEDS_REGULATORY_REVIEW","ACTIVE_USDOT","","1","3","1","0","true","true"
